category	term	number_of_genes	number_of_genes_in_background	ncbiTaxonId	inputGenes	preferredNames	p_value	fdr	description
Process	GO:0044249	134	393	406327	guaAB,pyrG,ABR53955.1,ABR53969.1,ABR53981.1,ABR54082.1,ABR54089.1,ABR54123.1,eIF5A,hisG,hisD,ABR54203.1,carB,ABR54255.1,tmk,ABR54285.1,ABR54286.1,ABR54293.1,ilvE,argD,purF,leuC,MMP1154,MMP1155,hisC,bioB,nadA,ABR54470.1,purM,gatE,dnaG,purO,ABR54532.1,rpl18e,rpoH,nusA,purP,asd,ef1b,rpl32e,rpl30,purA,spt5,guaAA,leuC-2,nadK,pyrE,ABR54719.1,ABR54720.1,ABR54722.1,ABR54747.1,ABR54773.1,ABR54774.1,ABR54775.1,ABR54776.1,ABR54777.1,mtrE,mtrD,mtrC,mtrB,mtrA,mtrA-2,mtrG,mtrH,bioD,bioF,bioW,ABR54795.1,rps15,carA,trpS,rps8e,pyrB,ABR54896.1,ABR54907.1,ABR54912.1,rps27e,hisF,tfb,argG,ABR54998.1,ABR54999.1,hemA,ABR55001.1,ABR55004.1,rpl21e,argC,purT,MMP0126,hmd,ilvE-2,guaB,ABR55040.1,leuD,ABR55046.1,hpt,MMP0153,purQ,purL,ribK,thiC,polC,polB,ABR55116.1,mptD,rpl12,purE,ABR55199.1,ABR55213.1,ABR55214.1,ilvD,mtd,hacB,pyrH,purD,ABR55285.1,prs,pyrD,ABR55321.1,ABR55323.1,dapA,ABR55368.1,eif1a,apt2,ilvC,ABR55434.1,ABR55435.1,proS,ABR55555.1,ABR55556.1,ABR55585.1,MMP0540,ABR55587.1,ABR55591.1	guaAB,pyrG,ABR53955.1,ABR53969.1,ABR53981.1,ABR54082.1,ABR54089.1,ABR54123.1,eIF5A,hisG,hisD,ABR54203.1,carB,ABR54255.1,tmk,ABR54285.1,ABR54286.1,ABR54293.1,ilvE,argD,purF,leuC,ABR54381.1,ABR54382.1,hisC,bioB,nadA,ABR54470.1,purM,gatE,dnaG,purO,ABR54532.1,rpl18e,rpoH,nusA,purP,asd,ef1b,rpl32e,rpl30,purA,spt5,guaAA,leuC-2,nadK,pyrE,ABR54719.1,ABR54720.1,ABR54722.1,ABR54747.1,ABR54773.1,ABR54774.1,ABR54775.1,ABR54776.1,ABR54777.1,mtrE,mtrD,mtrC,mtrB,mtrA,mtrA-2,mtrG,mtrH,bioD,bioF,bioW,ABR54795.1,rps15,carA,trpS,rps8e,pyrB,ABR54896.1,ABR54907.1,ABR54912.1,rps27e,hisF,tfb,argG,ABR54998.1,ABR54999.1,hemA,ABR55001.1,ABR55004.1,rpl21e,argC,purT,ABR55031.1,hmd,ilvE-2,guaB,ABR55040.1,leuD,ABR55046.1,hpt,ABR55056.1,purQ,purL,ribK,thiC,polC,polB,ABR55116.1,mptD,rpl12,purE,ABR55199.1,ABR55213.1,ABR55214.1,ilvD,mtd,hacB,pyrH,purD,ABR55285.1,prs,pyrD,ABR55321.1,ABR55323.1,dapA,ABR55368.1,eif1a,apt2,ilvC,ABR55434.1,ABR55435.1,proS,ABR55555.1,ABR55556.1,ABR55585.1,purC,ABR55587.1,ABR55591.1	1.82e-12	1.51e-09	Cellular biosynthetic process
Process	GO:1901576	134	401	406327	guaAB,pyrG,ABR53955.1,ABR53969.1,ABR53981.1,ABR54082.1,ABR54089.1,ABR54123.1,eIF5A,hisG,hisD,ABR54203.1,carB,ABR54255.1,tmk,ABR54285.1,ABR54286.1,ABR54293.1,ilvE,argD,purF,leuC,MMP1154,MMP1155,hisC,bioB,nadA,ABR54470.1,purM,gatE,dnaG,purO,ABR54532.1,rpl18e,rpoH,nusA,purP,asd,ef1b,rpl32e,rpl30,purA,spt5,guaAA,leuC-2,nadK,pyrE,ABR54719.1,ABR54720.1,ABR54722.1,ABR54747.1,ABR54773.1,ABR54774.1,ABR54775.1,ABR54776.1,ABR54777.1,mtrE,mtrD,mtrC,mtrB,mtrA,mtrA-2,mtrG,mtrH,bioD,bioF,bioW,ABR54795.1,rps15,carA,trpS,rps8e,pyrB,ABR54896.1,ABR54907.1,ABR54912.1,rps27e,hisF,tfb,argG,ABR54998.1,ABR54999.1,hemA,ABR55001.1,ABR55004.1,rpl21e,argC,purT,MMP0126,hmd,ilvE-2,guaB,ABR55040.1,leuD,ABR55046.1,hpt,MMP0153,purQ,purL,ribK,thiC,polC,polB,ABR55116.1,mptD,rpl12,purE,ABR55199.1,ABR55213.1,ABR55214.1,ilvD,mtd,hacB,pyrH,purD,ABR55285.1,prs,pyrD,ABR55321.1,ABR55323.1,dapA,ABR55368.1,eif1a,apt2,ilvC,ABR55434.1,ABR55435.1,proS,ABR55555.1,ABR55556.1,ABR55585.1,MMP0540,ABR55587.1,ABR55591.1	guaAB,pyrG,ABR53955.1,ABR53969.1,ABR53981.1,ABR54082.1,ABR54089.1,ABR54123.1,eIF5A,hisG,hisD,ABR54203.1,carB,ABR54255.1,tmk,ABR54285.1,ABR54286.1,ABR54293.1,ilvE,argD,purF,leuC,ABR54381.1,ABR54382.1,hisC,bioB,nadA,ABR54470.1,purM,gatE,dnaG,purO,ABR54532.1,rpl18e,rpoH,nusA,purP,asd,ef1b,rpl32e,rpl30,purA,spt5,guaAA,leuC-2,nadK,pyrE,ABR54719.1,ABR54720.1,ABR54722.1,ABR54747.1,ABR54773.1,ABR54774.1,ABR54775.1,ABR54776.1,ABR54777.1,mtrE,mtrD,mtrC,mtrB,mtrA,mtrA-2,mtrG,mtrH,bioD,bioF,bioW,ABR54795.1,rps15,carA,trpS,rps8e,pyrB,ABR54896.1,ABR54907.1,ABR54912.1,rps27e,hisF,tfb,argG,ABR54998.1,ABR54999.1,hemA,ABR55001.1,ABR55004.1,rpl21e,argC,purT,ABR55031.1,hmd,ilvE-2,guaB,ABR55040.1,leuD,ABR55046.1,hpt,ABR55056.1,purQ,purL,ribK,thiC,polC,polB,ABR55116.1,mptD,rpl12,purE,ABR55199.1,ABR55213.1,ABR55214.1,ilvD,mtd,hacB,pyrH,purD,ABR55285.1,prs,pyrD,ABR55321.1,ABR55323.1,dapA,ABR55368.1,eif1a,apt2,ilvC,ABR55434.1,ABR55435.1,proS,ABR55555.1,ABR55556.1,ABR55585.1,purC,ABR55587.1,ABR55591.1	6.78e-12	2.82e-09	Organic substance biosynthetic process
Process	GO:0009058	136	414	406327	guaAB,pyrG,ABR53955.1,ABR53969.1,ABR53981.1,ABR54082.1,ABR54089.1,ABR54123.1,eIF5A,hisG,hisD,ABR54203.1,carB,ABR54255.1,tmk,ABR54285.1,ABR54286.1,ABR54293.1,ilvE,argD,purF,leuC,MMP1154,MMP1155,hisC,bioB,nadA,ABR54470.1,purM,gatE,dnaG,purO,ABR54532.1,rpl18e,rpoH,nusA,purP,asd,ef1b,rpl32e,rpl30,purA,spt5,guaAA,leuC-2,nadK,pyrE,ABR54719.1,ABR54720.1,ABR54722.1,ABR54747.1,ABR54773.1,ABR54774.1,ABR54775.1,ABR54776.1,ABR54777.1,mtrE,mtrD,mtrC,mtrB,mtrA,mtrA-2,mtrG,mtrH,bioD,bioF,bioW,ABR54795.1,rps15,carA,trpS,rps8e,pyrB,ABR54896.1,ABR54907.1,ABR54912.1,rps27e,hisF,tfb,argG,ABR54998.1,ABR54999.1,hemA,ABR55001.1,ABR55004.1,rpl21e,ABR55008.1,argC,purT,MMP0126,hmd,ilvE-2,guaB,ABR55040.1,leuD,ABR55046.1,hpt,MMP0153,ABR55075.1,purQ,purL,ribK,thiC,polC,polB,ABR55116.1,mptD,rpl12,purE,ABR55199.1,ABR55213.1,ABR55214.1,ilvD,mtd,hacB,pyrH,purD,ABR55285.1,prs,pyrD,ABR55321.1,ABR55323.1,dapA,ABR55368.1,eif1a,apt2,ilvC,ABR55434.1,ABR55435.1,proS,ABR55555.1,ABR55556.1,ABR55585.1,MMP0540,ABR55587.1,ABR55591.1	guaAB,pyrG,ABR53955.1,ABR53969.1,ABR53981.1,ABR54082.1,ABR54089.1,ABR54123.1,eIF5A,hisG,hisD,ABR54203.1,carB,ABR54255.1,tmk,ABR54285.1,ABR54286.1,ABR54293.1,ilvE,argD,purF,leuC,ABR54381.1,ABR54382.1,hisC,bioB,nadA,ABR54470.1,purM,gatE,dnaG,purO,ABR54532.1,rpl18e,rpoH,nusA,purP,asd,ef1b,rpl32e,rpl30,purA,spt5,guaAA,leuC-2,nadK,pyrE,ABR54719.1,ABR54720.1,ABR54722.1,ABR54747.1,ABR54773.1,ABR54774.1,ABR54775.1,ABR54776.1,ABR54777.1,mtrE,mtrD,mtrC,mtrB,mtrA,mtrA-2,mtrG,mtrH,bioD,bioF,bioW,ABR54795.1,rps15,carA,trpS,rps8e,pyrB,ABR54896.1,ABR54907.1,ABR54912.1,rps27e,hisF,tfb,argG,ABR54998.1,ABR54999.1,hemA,ABR55001.1,ABR55004.1,rpl21e,ABR55008.1,argC,purT,ABR55031.1,hmd,ilvE-2,guaB,ABR55040.1,leuD,ABR55046.1,hpt,ABR55056.1,ABR55075.1,purQ,purL,ribK,thiC,polC,polB,ABR55116.1,mptD,rpl12,purE,ABR55199.1,ABR55213.1,ABR55214.1,ilvD,mtd,hacB,pyrH,purD,ABR55285.1,prs,pyrD,ABR55321.1,ABR55323.1,dapA,ABR55368.1,eif1a,apt2,ilvC,ABR55434.1,ABR55435.1,proS,ABR55555.1,ABR55556.1,ABR55585.1,purC,ABR55587.1,ABR55591.1	1.24e-11	3.45e-09	Biosynthetic process
Process	GO:0044281	98	274	406327	guaAB,pyrG,ABR53955.1,ABR53969.1,ABR54082.1,iscS,ABR54089.1,ABR54123.1,hisG,hisD,ABR54203.1,carB,ABR54255.1,tmk,ABR54293.1,ilvE,argD,purF,leuC,hisC,bioB,nadA,purM,ABR54514.1,purO,ABR54532.1,purP,asd,purA,guaAA,leuC-2,nadK,pyrE,ABR54719.1,ABR54720.1,ABR54722.1,ABR54747.1,pgk,mtrE,mtrD,mtrC,mtrB,mtrA,mtrA-2,mtrG,mtrH,bioD,bioF,bioW,ABR54795.1,carA,trpS,pyrB,ABR54907.1,hisF,ABR54928.1,argG,ABR54999.1,argC,cofC,purT,MMP0126,hmd,ilvE-2,guaB,ABR55040.1,leuD,ABR55046.1,hpt,MMP0153,purQ,purL,ribK,thiC,ABR55116.1,purE,ABR55199.1,ABR55213.1,ABR55214.1,ilvD,mtd,hacB,pyrH,purD,ABR55285.1,prs,pyrD,ABR55323.1,dapA,ABR55368.1,apt2,ilvC,ABR55434.1,ABR55435.1,proS,ABR55585.1,MMP0540,ABR55587.1	guaAB,pyrG,ABR53955.1,ABR53969.1,ABR54082.1,iscS,ABR54089.1,ABR54123.1,hisG,hisD,ABR54203.1,carB,ABR54255.1,tmk,ABR54293.1,ilvE,argD,purF,leuC,hisC,bioB,nadA,purM,ABR54514.1,purO,ABR54532.1,purP,asd,purA,guaAA,leuC-2,nadK,pyrE,ABR54719.1,ABR54720.1,ABR54722.1,ABR54747.1,pgk,mtrE,mtrD,mtrC,mtrB,mtrA,mtrA-2,mtrG,mtrH,bioD,bioF,bioW,ABR54795.1,carA,trpS,pyrB,ABR54907.1,hisF,ABR54928.1,argG,ABR54999.1,argC,cofC,purT,ABR55031.1,hmd,ilvE-2,guaB,ABR55040.1,leuD,ABR55046.1,hpt,ABR55056.1,purQ,purL,ribK,thiC,ABR55116.1,purE,ABR55199.1,ABR55213.1,ABR55214.1,ilvD,mtd,hacB,pyrH,purD,ABR55285.1,prs,pyrD,ABR55323.1,dapA,ABR55368.1,apt2,ilvC,ABR55434.1,ABR55435.1,proS,ABR55585.1,purC,ABR55587.1	1.22e-09	2.53e-07	Small molecule metabolic process
Process	GO:0045333	27	33	406327	ABR53981.1,sucD,ABR54285.1,ABR54286.1,ABR54298.1,ABR54338.1,MMP1154,MMP1155,ABR54470.1,ABR54773.1,ABR54774.1,ABR54775.1,ABR54776.1,ABR54777.1,mtrE,mtrD,mtrC,mtrB,mtrA,mtrA-2,mtrG,mtrH,ABR54896.1,hmd,mtd,ABR55555.1,ABR55556.1	ABR53981.1,sucD,ABR54285.1,ABR54286.1,ABR54298.1,ABR54338.1,ABR54381.1,ABR54382.1,ABR54470.1,ABR54773.1,ABR54774.1,ABR54775.1,ABR54776.1,ABR54777.1,mtrE,mtrD,mtrC,mtrB,mtrA,mtrA-2,mtrG,mtrH,ABR54896.1,hmd,mtd,ABR55555.1,ABR55556.1	3.48e-08	5.78e-06	Cellular respiration
Process	GO:0009156	25	30	406327	guaAB,ABR54203.1,carB,purF,purM,purO,purP,purA,guaAA,pyrE,carA,pyrB,purT,guaB,hpt,purQ,purL,ribK,purE,purD,prs,pyrD,ABR55368.1,apt2,MMP0540	guaAB,ABR54203.1,carB,purF,purM,purO,purP,purA,guaAA,pyrE,carA,pyrB,purT,guaB,hpt,purQ,purL,ribK,purE,purD,prs,pyrD,ABR55368.1,apt2,purC	9.05e-08	1.08e-05	Ribonucleoside monophosphate biosynthetic process
Process	GO:0044237	156	581	406327	guaAB,pyrG,ABR53955.1,ABR53969.1,ABR53981.1,sucD,ABR54082.1,iscS,ABR54089.1,ABR54123.1,trmY,eIF5A,cca,hisG,hisD,ABR54203.1,rsmA,ABR54235.1,carB,ABR54255.1,tmk,ABR54285.1,ABR54286.1,ABR54293.1,ABR54298.1,ilvE,argD,ABR54338.1,endA,purF,leuC,MMP1154,MMP1155,ABR54389.1,hisC,bioB,nadA,ABR54470.1,purM,gatE,dnaG,ABR54514.1,purO,ABR54532.1,rpl18e,rpoH,nusA,purP,asd,ef1b,rpl32e,rpl30,ABR54642.1,purA,spt5,guaAA,leuC-2,nadK,pyrE,ABR54719.1,ABR54720.1,ABR54722.1,ABR54747.1,pgk,ABR54773.1,ABR54774.1,ABR54775.1,ABR54776.1,ABR54777.1,mtrE,mtrD,mtrC,mtrB,mtrA,mtrA-2,mtrG,mtrH,bioD,bioF,bioW,ABR54795.1,rps15,carA,trpS,rps8e,pyrB,ABR54896.1,ABR54907.1,ABR54912.1,rps27e,hisF,ABR54928.1,tfb,argG,pelA,ABR54998.1,ABR54999.1,hemA,ABR55001.1,ABR55004.1,rpl21e,pus10,argC,cofC,purT,MMP0126,hmd,ilvE-2,guaB,ABR55040.1,leuD,ABR55046.1,hpt,MMP0153,purQ,purL,ribK,thiC,polC,polB,ABR55116.1,ABR55138.1,mptD,rpl12,ABR55177.1,purE,ABR55199.1,ABR55213.1,ABR55214.1,ilvD,mtd,hacB,pyrH,purD,ABR55285.1,prs,ABR55302.1,pyrD,ABR55321.1,ABR55323.1,dapA,ABR55368.1,eif1a,tiaS,apt2,ilvC,ABR55434.1,ABR55435.1,proS,ABR55555.1,ABR55556.1,ABR55583.1,ABR55585.1,MMP0540,ABR55587.1,ABR55591.1	guaAB,pyrG,ABR53955.1,ABR53969.1,ABR53981.1,sucD,ABR54082.1,iscS,ABR54089.1,ABR54123.1,trmY,eIF5A,cca,hisG,hisD,ABR54203.1,rsmA,ABR54235.1,carB,ABR54255.1,tmk,ABR54285.1,ABR54286.1,ABR54293.1,ABR54298.1,ilvE,argD,ABR54338.1,endA,purF,leuC,ABR54381.1,ABR54382.1,ABR54389.1,hisC,bioB,nadA,ABR54470.1,purM,gatE,dnaG,ABR54514.1,purO,ABR54532.1,rpl18e,rpoH,nusA,purP,asd,ef1b,rpl32e,rpl30,ABR54642.1,purA,spt5,guaAA,leuC-2,nadK,pyrE,ABR54719.1,ABR54720.1,ABR54722.1,ABR54747.1,pgk,ABR54773.1,ABR54774.1,ABR54775.1,ABR54776.1,ABR54777.1,mtrE,mtrD,mtrC,mtrB,mtrA,mtrA-2,mtrG,mtrH,bioD,bioF,bioW,ABR54795.1,rps15,carA,trpS,rps8e,pyrB,ABR54896.1,ABR54907.1,ABR54912.1,rps27e,hisF,ABR54928.1,tfb,argG,pelA,ABR54998.1,ABR54999.1,hemA,ABR55001.1,ABR55004.1,rpl21e,pus10,argC,cofC,purT,ABR55031.1,hmd,ilvE-2,guaB,ABR55040.1,leuD,ABR55046.1,hpt,ABR55056.1,purQ,purL,ribK,thiC,polC,polB,ABR55116.1,ABR55138.1,mptD,rpl12,ABR55177.1,purE,ABR55199.1,ABR55213.1,ABR55214.1,ilvD,mtd,hacB,pyrH,purD,ABR55285.1,prs,ABR55302.1,pyrD,ABR55321.1,ABR55323.1,dapA,ABR55368.1,eif1a,tiaS,apt2,ilvC,ABR55434.1,ABR55435.1,proS,ABR55555.1,ABR55556.1,ABR55583.1,ABR55585.1,purC,ABR55587.1,ABR55591.1	1.17e-07	1.22e-05	Cellular metabolic process
Process	GO:0009123	27	39	406327	guaAB,ABR54203.1,carB,tmk,purF,purM,purO,purP,purA,guaAA,pyrE,carA,pyrB,purT,guaB,hpt,purQ,purL,ribK,purE,pyrH,purD,prs,pyrD,ABR55368.1,apt2,MMP0540	guaAB,ABR54203.1,carB,tmk,purF,purM,purO,purP,purA,guaAA,pyrE,carA,pyrB,purT,guaB,hpt,purQ,purL,ribK,purE,pyrH,purD,prs,pyrD,ABR55368.1,apt2,purC	3.92e-07	2.13e-05	Nucleoside monophosphate metabolic process
Process	GO:0015948	24	30	406327	ABR53981.1,ABR54285.1,ABR54286.1,MMP1154,MMP1155,ABR54470.1,ABR54773.1,ABR54774.1,ABR54775.1,ABR54776.1,ABR54777.1,mtrE,mtrD,mtrC,mtrB,mtrA,mtrA-2,mtrG,mtrH,ABR54896.1,hmd,mtd,ABR55555.1,ABR55556.1	ABR53981.1,ABR54285.1,ABR54286.1,ABR54381.1,ABR54382.1,ABR54470.1,ABR54773.1,ABR54774.1,ABR54775.1,ABR54776.1,ABR54777.1,mtrE,mtrD,mtrC,mtrB,mtrA,mtrA-2,mtrG,mtrH,ABR54896.1,hmd,mtd,ABR55555.1,ABR55556.1	2.82e-07	2.13e-05	Methanogenesis
Process	GO:0046390	29	47	406327	guaAB,pyrG,ABR54203.1,carB,purF,purM,purO,purP,purA,guaAA,pyrE,ABR54722.1,carA,pyrB,purT,guaB,hpt,purQ,purL,ribK,purE,pyrH,purD,prs,pyrD,ABR55323.1,ABR55368.1,apt2,MMP0540	guaAB,pyrG,ABR54203.1,carB,purF,purM,purO,purP,purA,guaAA,pyrE,ABR54722.1,carA,pyrB,purT,guaB,hpt,purQ,purL,ribK,purE,pyrH,purD,prs,pyrD,ABR55323.1,ABR55368.1,apt2,purC	8.31e-07	3.46e-05	Ribose phosphate biosynthetic process
Process	GO:0009260	28	46	406327	guaAB,pyrG,ABR54203.1,carB,purF,purM,purO,purP,purA,guaAA,pyrE,ABR54722.1,carA,pyrB,purT,guaB,hpt,purQ,purL,ribK,purE,pyrH,purD,pyrD,ABR55323.1,ABR55368.1,apt2,MMP0540	guaAB,pyrG,ABR54203.1,carB,purF,purM,purO,purP,purA,guaAA,pyrE,ABR54722.1,carA,pyrB,purT,guaB,hpt,purQ,purL,ribK,purE,pyrH,purD,pyrD,ABR55323.1,ABR55368.1,apt2,purC	1.59e-06	6.31e-05	Ribonucleotide biosynthetic process
Process	GO:0006082	61	165	406327	pyrG,ABR53955.1,ABR53969.1,ABR54082.1,iscS,ABR54089.1,hisG,hisD,carB,ABR54255.1,ABR54293.1,ilvE,argD,purF,leuC,hisC,bioB,nadA,ABR54514.1,ABR54532.1,asd,guaAA,leuC-2,nadK,ABR54719.1,ABR54720.1,ABR54722.1,ABR54747.1,pgk,bioD,bioF,bioW,carA,trpS,pyrB,ABR54907.1,hisF,ABR54928.1,argG,argC,cofC,MMP0126,ilvE-2,ABR55040.1,leuD,ABR55046.1,MMP0153,purQ,ABR55116.1,ABR55213.1,ABR55214.1,ilvD,hacB,ABR55285.1,dapA,ilvC,ABR55434.1,ABR55435.1,proS,ABR55585.1,ABR55587.1	pyrG,ABR53955.1,ABR53969.1,ABR54082.1,iscS,ABR54089.1,hisG,hisD,carB,ABR54255.1,ABR54293.1,ilvE,argD,purF,leuC,hisC,bioB,nadA,ABR54514.1,ABR54532.1,asd,guaAA,leuC-2,nadK,ABR54719.1,ABR54720.1,ABR54722.1,ABR54747.1,pgk,bioD,bioF,bioW,carA,trpS,pyrB,ABR54907.1,hisF,ABR54928.1,argG,argC,cofC,ABR55031.1,ilvE-2,ABR55040.1,leuD,ABR55046.1,ABR55056.1,purQ,ABR55116.1,ABR55213.1,ABR55214.1,ilvD,hacB,ABR55285.1,dapA,ilvC,ABR55434.1,ABR55435.1,proS,ABR55585.1,ABR55587.1	1.74e-06	6.56e-05	Organic acid metabolic process
Process	GO:0009165	33	62	406327	guaAB,pyrG,ABR54203.1,carB,tmk,purF,nadA,purM,purO,purP,purA,guaAA,nadK,pyrE,ABR54722.1,ABR54795.1,carA,pyrB,purT,guaB,hpt,purQ,purL,ribK,purE,pyrH,purD,prs,pyrD,ABR55323.1,ABR55368.1,apt2,MMP0540	guaAB,pyrG,ABR54203.1,carB,tmk,purF,nadA,purM,purO,purP,purA,guaAA,nadK,pyrE,ABR54722.1,ABR54795.1,carA,pyrB,purT,guaB,hpt,purQ,purL,ribK,purE,pyrH,purD,prs,pyrD,ABR55323.1,ABR55368.1,apt2,purC	1.73e-06	6.56e-05	Nucleotide biosynthetic process
Process	GO:0034654	42	93	406327	guaAB,pyrG,ABR54203.1,carB,tmk,purF,nadA,purM,dnaG,purO,rpoH,nusA,purP,purA,guaAA,nadK,pyrE,ABR54722.1,ABR54795.1,carA,pyrB,tfb,ABR54998.1,ABR55004.1,purT,guaB,hpt,purQ,purL,ribK,polC,polB,purE,pyrH,purD,prs,pyrD,ABR55321.1,ABR55323.1,ABR55368.1,apt2,MMP0540	guaAB,pyrG,ABR54203.1,carB,tmk,purF,nadA,purM,dnaG,purO,rpoH,nusA,purP,purA,guaAA,nadK,pyrE,ABR54722.1,ABR54795.1,carA,pyrB,tfb,ABR54998.1,ABR55004.1,purT,guaB,hpt,purQ,purL,ribK,polC,polB,purE,pyrH,purD,prs,pyrD,ABR55321.1,ABR55323.1,ABR55368.1,apt2,purC	1.84e-06	6.56e-05	Nucleobase-containing compound biosynthetic process
Process	GO:0046394	39	85	406327	ABR53955.1,ABR53969.1,ABR54082.1,ABR54089.1,hisG,hisD,carB,ABR54255.1,ABR54293.1,ilvE,argD,leuC,hisC,bioB,nadA,asd,leuC-2,ABR54747.1,bioD,bioF,bioW,carA,ABR54907.1,hisF,argG,argC,MMP0126,ilvE-2,ABR55040.1,leuD,ilvD,hacB,ABR55285.1,dapA,ilvC,ABR55434.1,ABR55435.1,ABR55585.1,ABR55587.1	ABR53955.1,ABR53969.1,ABR54082.1,ABR54089.1,hisG,hisD,carB,ABR54255.1,ABR54293.1,ilvE,argD,leuC,hisC,bioB,nadA,asd,leuC-2,ABR54747.1,bioD,bioF,bioW,carA,ABR54907.1,hisF,argG,argC,ABR55031.1,ilvE-2,ABR55040.1,leuD,ilvD,hacB,ABR55285.1,dapA,ilvC,ABR55434.1,ABR55435.1,ABR55585.1,ABR55587.1	3.32e-06	0.00011	Carboxylic acid biosynthetic process
Process	GO:1901137	30	56	406327	guaAB,pyrG,ABR54203.1,carB,tmk,purF,purM,purO,purP,purA,guaAA,pyrE,ABR54722.1,carA,pyrB,purT,guaB,hpt,purQ,purL,ribK,purE,pyrH,purD,prs,pyrD,ABR55323.1,ABR55368.1,apt2,MMP0540	guaAB,pyrG,ABR54203.1,carB,tmk,purF,purM,purO,purP,purA,guaAA,pyrE,ABR54722.1,carA,pyrB,purT,guaB,hpt,purQ,purL,ribK,purE,pyrH,purD,prs,pyrD,ABR55323.1,ABR55368.1,apt2,purC	4.83e-06	0.00015	Carbohydrate derivative biosynthetic process
Process	GO:1901566	91	301	406327	guaAB,pyrG,ABR53955.1,ABR53969.1,ABR54082.1,ABR54089.1,eIF5A,hisG,hisD,ABR54203.1,carB,ABR54255.1,tmk,ABR54293.1,ilvE,argD,purF,leuC,hisC,bioB,nadA,purM,gatE,purO,rpl18e,purP,asd,ef1b,rpl32e,rpl30,purA,spt5,guaAA,leuC-2,nadK,pyrE,ABR54722.1,ABR54747.1,bioD,bioF,bioW,ABR54795.1,rps15,carA,trpS,rps8e,pyrB,ABR54907.1,ABR54912.1,rps27e,hisF,argG,hemA,ABR55001.1,rpl21e,argC,purT,MMP0126,ilvE-2,guaB,ABR55040.1,leuD,hpt,MMP0153,purQ,purL,ribK,thiC,mptD,rpl12,purE,ABR55199.1,ilvD,hacB,pyrH,purD,ABR55285.1,pyrD,ABR55323.1,dapA,ABR55368.1,eif1a,apt2,ilvC,ABR55434.1,ABR55435.1,proS,ABR55585.1,MMP0540,ABR55587.1,ABR55591.1	guaAB,pyrG,ABR53955.1,ABR53969.1,ABR54082.1,ABR54089.1,eIF5A,hisG,hisD,ABR54203.1,carB,ABR54255.1,tmk,ABR54293.1,ilvE,argD,purF,leuC,hisC,bioB,nadA,purM,gatE,purO,rpl18e,purP,asd,ef1b,rpl32e,rpl30,purA,spt5,guaAA,leuC-2,nadK,pyrE,ABR54722.1,ABR54747.1,bioD,bioF,bioW,ABR54795.1,rps15,carA,trpS,rps8e,pyrB,ABR54907.1,ABR54912.1,rps27e,hisF,argG,hemA,ABR55001.1,rpl21e,argC,purT,ABR55031.1,ilvE-2,guaB,ABR55040.1,leuD,hpt,ABR55056.1,purQ,purL,ribK,thiC,mptD,rpl12,purE,ABR55199.1,ilvD,hacB,pyrH,purD,ABR55285.1,pyrD,ABR55323.1,dapA,ABR55368.1,eif1a,apt2,ilvC,ABR55434.1,ABR55435.1,proS,ABR55585.1,purC,ABR55587.1,ABR55591.1	4.91e-06	0.00015	Organonitrogen compound biosynthetic process
Process	GO:0006091	29	54	406327	ABR53981.1,sucD,ABR54285.1,ABR54286.1,ABR54298.1,ABR54338.1,MMP1154,MMP1155,ABR54389.1,ABR54470.1,pgk,ABR54773.1,ABR54774.1,ABR54775.1,ABR54776.1,ABR54777.1,mtrE,mtrD,mtrC,mtrB,mtrA,mtrA-2,mtrG,mtrH,ABR54896.1,hmd,mtd,ABR55555.1,ABR55556.1	ABR53981.1,sucD,ABR54285.1,ABR54286.1,ABR54298.1,ABR54338.1,ABR54381.1,ABR54382.1,ABR54389.1,ABR54470.1,pgk,ABR54773.1,ABR54774.1,ABR54775.1,ABR54776.1,ABR54777.1,mtrE,mtrD,mtrC,mtrB,mtrA,mtrA-2,mtrG,mtrH,ABR54896.1,hmd,mtd,ABR55555.1,ABR55556.1	6.78e-06	0.00017	Generation of precursor metabolites and energy
Process	GO:0008152	162	651	406327	guaAB,pyrG,ABR53955.1,ABR53969.1,nifH,ABR53981.1,sucD,ABR54075.1,ABR54082.1,iscS,ABR54089.1,ABR54123.1,trmY,eIF5A,cca,hisG,hisD,ABR54203.1,rsmA,ABR54223.1,ABR54235.1,carB,ABR54255.1,tmk,ABR54285.1,ABR54286.1,ABR54293.1,ABR54298.1,ilvE,argD,ABR54338.1,endA,purF,leuC,MMP1154,MMP1155,ABR54389.1,hisC,bioB,nadA,ABR54470.1,purM,gatE,dnaG,ABR54514.1,purO,ABR54532.1,rpl18e,rpoH,nusA,purP,asd,ef1b,rpl32e,rpl30,ABR54642.1,purA,spt5,guaAA,leuC-2,nadK,pyrE,ABR54719.1,ABR54720.1,ABR54722.1,ABR54747.1,pgk,ABR54773.1,ABR54774.1,ABR54775.1,ABR54776.1,ABR54777.1,mtrE,mtrD,mtrC,mtrB,mtrA,mtrA-2,mtrG,mtrH,bioD,bioF,bioW,ABR54795.1,rps15,carA,trpS,rps8e,pyrB,ABR54896.1,ABR54907.1,ABR54912.1,rps27e,hisF,ABR54928.1,tfb,argG,ABR54988.1,pelA,ABR54998.1,ABR54999.1,hemA,ABR55001.1,ABR55004.1,rpl21e,pus10,ABR55008.1,argC,cofC,purT,MMP0126,hmd,ilvE-2,guaB,ABR55040.1,leuD,ABR55046.1,hpt,MMP0153,ABR55075.1,purQ,purL,ribK,thiC,polC,polB,ABR55116.1,ABR55138.1,mptD,rpl12,ABR55177.1,purE,ABR55199.1,ABR55213.1,ABR55214.1,ilvD,mtd,hacB,pyrH,purD,ABR55285.1,prs,ABR55302.1,pyrD,ABR55321.1,ABR55323.1,dapA,ABR55368.1,eif1a,tiaS,apt2,ilvC,ABR55434.1,ABR55435.1,proS,ABR55555.1,ABR55556.1,ABR55583.1,ABR55585.1,MMP0540,ABR55587.1,ABR55591.1	guaAB,pyrG,ABR53955.1,ABR53969.1,nifH,ABR53981.1,sucD,ABR54075.1,ABR54082.1,iscS,ABR54089.1,ABR54123.1,trmY,eIF5A,cca,hisG,hisD,ABR54203.1,rsmA,ABR54223.1,ABR54235.1,carB,ABR54255.1,tmk,ABR54285.1,ABR54286.1,ABR54293.1,ABR54298.1,ilvE,argD,ABR54338.1,endA,purF,leuC,ABR54381.1,ABR54382.1,ABR54389.1,hisC,bioB,nadA,ABR54470.1,purM,gatE,dnaG,ABR54514.1,purO,ABR54532.1,rpl18e,rpoH,nusA,purP,asd,ef1b,rpl32e,rpl30,ABR54642.1,purA,spt5,guaAA,leuC-2,nadK,pyrE,ABR54719.1,ABR54720.1,ABR54722.1,ABR54747.1,pgk,ABR54773.1,ABR54774.1,ABR54775.1,ABR54776.1,ABR54777.1,mtrE,mtrD,mtrC,mtrB,mtrA,mtrA-2,mtrG,mtrH,bioD,bioF,bioW,ABR54795.1,rps15,carA,trpS,rps8e,pyrB,ABR54896.1,ABR54907.1,ABR54912.1,rps27e,hisF,ABR54928.1,tfb,argG,ABR54988.1,pelA,ABR54998.1,ABR54999.1,hemA,ABR55001.1,ABR55004.1,rpl21e,pus10,ABR55008.1,argC,cofC,purT,ABR55031.1,hmd,ilvE-2,guaB,ABR55040.1,leuD,ABR55046.1,hpt,ABR55056.1,ABR55075.1,purQ,purL,ribK,thiC,polC,polB,ABR55116.1,ABR55138.1,mptD,rpl12,ABR55177.1,purE,ABR55199.1,ABR55213.1,ABR55214.1,ilvD,mtd,hacB,pyrH,purD,ABR55285.1,prs,ABR55302.1,pyrD,ABR55321.1,ABR55323.1,dapA,ABR55368.1,eif1a,tiaS,apt2,ilvC,ABR55434.1,ABR55435.1,proS,ABR55555.1,ABR55556.1,ABR55583.1,ABR55585.1,purC,ABR55587.1,ABR55591.1	5.84e-06	0.00017	Metabolic process
Process	GO:0009168	17	19	406327	guaAB,ABR54203.1,purF,purM,purO,purP,purA,guaAA,purT,guaB,hpt,purQ,purL,purE,purD,apt2,MMP0540	guaAB,ABR54203.1,purF,purM,purO,purP,purA,guaAA,purT,guaB,hpt,purQ,purL,purE,purD,apt2,purC	6.11e-06	0.00017	Purine ribonucleoside monophosphate biosynthetic process
Process	GO:0071704	153	605	406327	guaAB,pyrG,ABR53955.1,ABR53969.1,ABR53981.1,ABR54075.1,ABR54082.1,iscS,ABR54089.1,ABR54123.1,trmY,eIF5A,cca,hisG,hisD,ABR54203.1,rsmA,ABR54235.1,carB,ABR54255.1,tmk,ABR54285.1,ABR54286.1,ABR54293.1,ilvE,argD,endA,purF,leuC,MMP1154,MMP1155,hisC,bioB,nadA,ABR54470.1,purM,gatE,dnaG,ABR54514.1,purO,ABR54532.1,rpl18e,rpoH,nusA,purP,asd,ef1b,rpl32e,rpl30,ABR54642.1,purA,spt5,guaAA,leuC-2,nadK,pyrE,ABR54719.1,ABR54720.1,ABR54722.1,ABR54747.1,pgk,ABR54773.1,ABR54774.1,ABR54775.1,ABR54776.1,ABR54777.1,mtrE,mtrD,mtrC,mtrB,mtrA,mtrA-2,mtrG,mtrH,bioD,bioF,bioW,ABR54795.1,rps15,carA,trpS,rps8e,pyrB,ABR54896.1,ABR54907.1,ABR54912.1,rps27e,hisF,ABR54928.1,tfb,argG,ABR54988.1,pelA,ABR54998.1,ABR54999.1,hemA,ABR55001.1,ABR55004.1,rpl21e,pus10,argC,cofC,purT,MMP0126,hmd,ilvE-2,guaB,ABR55040.1,leuD,ABR55046.1,hpt,MMP0153,purQ,purL,ribK,thiC,polC,polB,ABR55116.1,ABR55138.1,mptD,rpl12,ABR55177.1,purE,ABR55199.1,ABR55213.1,ABR55214.1,ilvD,mtd,hacB,pyrH,purD,ABR55285.1,prs,pyrD,ABR55321.1,ABR55323.1,dapA,ABR55368.1,eif1a,tiaS,apt2,ilvC,ABR55434.1,ABR55435.1,proS,ABR55555.1,ABR55556.1,ABR55583.1,ABR55585.1,MMP0540,ABR55587.1,ABR55591.1	guaAB,pyrG,ABR53955.1,ABR53969.1,ABR53981.1,ABR54075.1,ABR54082.1,iscS,ABR54089.1,ABR54123.1,trmY,eIF5A,cca,hisG,hisD,ABR54203.1,rsmA,ABR54235.1,carB,ABR54255.1,tmk,ABR54285.1,ABR54286.1,ABR54293.1,ilvE,argD,endA,purF,leuC,ABR54381.1,ABR54382.1,hisC,bioB,nadA,ABR54470.1,purM,gatE,dnaG,ABR54514.1,purO,ABR54532.1,rpl18e,rpoH,nusA,purP,asd,ef1b,rpl32e,rpl30,ABR54642.1,purA,spt5,guaAA,leuC-2,nadK,pyrE,ABR54719.1,ABR54720.1,ABR54722.1,ABR54747.1,pgk,ABR54773.1,ABR54774.1,ABR54775.1,ABR54776.1,ABR54777.1,mtrE,mtrD,mtrC,mtrB,mtrA,mtrA-2,mtrG,mtrH,bioD,bioF,bioW,ABR54795.1,rps15,carA,trpS,rps8e,pyrB,ABR54896.1,ABR54907.1,ABR54912.1,rps27e,hisF,ABR54928.1,tfb,argG,ABR54988.1,pelA,ABR54998.1,ABR54999.1,hemA,ABR55001.1,ABR55004.1,rpl21e,pus10,argC,cofC,purT,ABR55031.1,hmd,ilvE-2,guaB,ABR55040.1,leuD,ABR55046.1,hpt,ABR55056.1,purQ,purL,ribK,thiC,polC,polB,ABR55116.1,ABR55138.1,mptD,rpl12,ABR55177.1,purE,ABR55199.1,ABR55213.1,ABR55214.1,ilvD,mtd,hacB,pyrH,purD,ABR55285.1,prs,pyrD,ABR55321.1,ABR55323.1,dapA,ABR55368.1,eif1a,tiaS,apt2,ilvC,ABR55434.1,ABR55435.1,proS,ABR55555.1,ABR55556.1,ABR55583.1,ABR55585.1,purC,ABR55587.1,ABR55591.1	6.33e-06	0.00017	Organic substance metabolic process
Process	GO:0019752	54	148	406327	pyrG,ABR53955.1,ABR53969.1,ABR54082.1,iscS,ABR54089.1,hisG,hisD,carB,ABR54255.1,ABR54293.1,ilvE,argD,purF,leuC,hisC,bioB,nadA,ABR54514.1,asd,guaAA,leuC-2,nadK,ABR54722.1,ABR54747.1,pgk,bioD,bioF,bioW,carA,trpS,pyrB,ABR54907.1,hisF,ABR54928.1,argG,argC,cofC,MMP0126,ilvE-2,ABR55040.1,leuD,MMP0153,purQ,ilvD,hacB,ABR55285.1,dapA,ilvC,ABR55434.1,ABR55435.1,proS,ABR55585.1,ABR55587.1	pyrG,ABR53955.1,ABR53969.1,ABR54082.1,iscS,ABR54089.1,hisG,hisD,carB,ABR54255.1,ABR54293.1,ilvE,argD,purF,leuC,hisC,bioB,nadA,ABR54514.1,asd,guaAA,leuC-2,nadK,ABR54722.1,ABR54747.1,pgk,bioD,bioF,bioW,carA,trpS,pyrB,ABR54907.1,hisF,ABR54928.1,argG,argC,cofC,ABR55031.1,ilvE-2,ABR55040.1,leuD,ABR55056.1,purQ,ilvD,hacB,ABR55285.1,dapA,ilvC,ABR55434.1,ABR55435.1,proS,ABR55585.1,ABR55587.1	1.07e-05	0.00024	Carboxylic acid metabolic process
Process	GO:0019693	31	64	406327	guaAB,pyrG,ABR54203.1,carB,purF,purM,purO,purP,purA,guaAA,pyrE,ABR54722.1,pgk,carA,pyrB,ABR54999.1,purT,guaB,hpt,purQ,purL,ribK,purE,pyrH,purD,prs,pyrD,ABR55323.1,ABR55368.1,apt2,MMP0540	guaAB,pyrG,ABR54203.1,carB,purF,purM,purO,purP,purA,guaAA,pyrE,ABR54722.1,pgk,carA,pyrB,ABR54999.1,purT,guaB,hpt,purQ,purL,ribK,purE,pyrH,purD,prs,pyrD,ABR55323.1,ABR55368.1,apt2,purC	1.61e-05	0.00034	Ribose phosphate metabolic process
Process	GO:1901605	33	71	406327	pyrG,ABR53955.1,ABR54082.1,ABR54089.1,carB,ABR54255.1,ABR54293.1,ilvE,argD,purF,leuC,asd,guaAA,leuC-2,nadK,ABR54747.1,carA,ABR54907.1,ABR54928.1,argG,argC,ilvE-2,ABR55040.1,leuD,purQ,ilvD,ABR55285.1,dapA,ilvC,ABR55434.1,ABR55435.1,ABR55585.1,ABR55587.1	pyrG,ABR53955.1,ABR54082.1,ABR54089.1,carB,ABR54255.1,ABR54293.1,ilvE,argD,purF,leuC,asd,guaAA,leuC-2,nadK,ABR54747.1,carA,ABR54907.1,ABR54928.1,argG,argC,ilvE-2,ABR55040.1,leuD,purQ,ilvD,ABR55285.1,dapA,ilvC,ABR55434.1,ABR55435.1,ABR55585.1,ABR55587.1	1.65e-05	0.00034	Alpha-amino acid metabolic process
Process	GO:0009987	168	696	406327	guaAB,pyrG,ABR53955.1,ABR53969.1,ABR53981.1,ABR54058.1,sucD,ABR54082.1,iscS,ABR54089.1,ABR54123.1,trmY,eIF5A,cca,hisG,hisD,ABR54203.1,rsmA,ABR54235.1,carB,ABR54255.1,tmk,ABR54285.1,ABR54286.1,ABR54293.1,ABR54298.1,ilvE,argD,ABR54338.1,endA,purF,leuC,MMP1154,MMP1155,ABR54383.1,ABR54386.1,ABR54389.1,ABR54399.1,hisC,bioB,nadA,ABR54470.1,purM,gatE,dnaG,ABR54514.1,purO,ABR54532.1,rpl18e,rpoH,nusA,purP,asd,ef1b,rpl32e,rpl30,ABR54642.1,purA,spt5,guaAA,leuC-2,nadK,pyrE,ABR54719.1,ABR54720.1,ABR54722.1,ABR54734.1,ABR54747.1,pgk,ABR54773.1,ABR54774.1,ABR54775.1,ABR54776.1,ABR54777.1,mtrE,mtrD,mtrC,mtrB,mtrA,mtrA-2,mtrG,mtrH,bioD,bioF,bioW,ABR54795.1,rps15,carA,trpS,rps8e,pyrB,ABR54876.1,ABR54896.1,ABR54907.1,ABR54912.1,rps27e,hisF,ABR54928.1,tfb,argG,pelA,ABR54998.1,ABR54999.1,hemA,ABR55001.1,ABR55004.1,rpl21e,pus10,argC,cofC,purT,MMP0126,hmd,ilvE-2,guaB,ABR55040.1,leuD,ABR55046.1,hpt,MMP0153,purQ,purL,ribK,thiC,polC,polB,ABR55116.1,ABR55119.1,ABR55138.1,mptD,pfdB,ABR55160.1,rpl12,ABR55177.1,purE,nac,ABR55199.1,ABR55213.1,ABR55214.1,ilvD,mtd,hacB,pyrH,purD,ABR55285.1,prs,ABR55302.1,pyrD,ABR55321.1,ABR55323.1,dapA,ABR55368.1,eif1a,tiaS,ABR55405.1,apt2,ilvC,ABR55434.1,ABR55435.1,ABR55463.1,proS,ABR55555.1,ABR55556.1,ABR55583.1,ABR55585.1,MMP0540,ABR55587.1,ABR55591.1	guaAB,pyrG,ABR53955.1,ABR53969.1,ABR53981.1,ABR54058.1,sucD,ABR54082.1,iscS,ABR54089.1,ABR54123.1,trmY,eIF5A,cca,hisG,hisD,ABR54203.1,rsmA,ABR54235.1,carB,ABR54255.1,tmk,ABR54285.1,ABR54286.1,ABR54293.1,ABR54298.1,ilvE,argD,ABR54338.1,endA,purF,leuC,ABR54381.1,ABR54382.1,ABR54383.1,ABR54386.1,ABR54389.1,ABR54399.1,hisC,bioB,nadA,ABR54470.1,purM,gatE,dnaG,ABR54514.1,purO,ABR54532.1,rpl18e,rpoH,nusA,purP,asd,ef1b,rpl32e,rpl30,ABR54642.1,purA,spt5,guaAA,leuC-2,nadK,pyrE,ABR54719.1,ABR54720.1,ABR54722.1,ABR54734.1,ABR54747.1,pgk,ABR54773.1,ABR54774.1,ABR54775.1,ABR54776.1,ABR54777.1,mtrE,mtrD,mtrC,mtrB,mtrA,mtrA-2,mtrG,mtrH,bioD,bioF,bioW,ABR54795.1,rps15,carA,trpS,rps8e,pyrB,ABR54876.1,ABR54896.1,ABR54907.1,ABR54912.1,rps27e,hisF,ABR54928.1,tfb,argG,pelA,ABR54998.1,ABR54999.1,hemA,ABR55001.1,ABR55004.1,rpl21e,pus10,argC,cofC,purT,ABR55031.1,hmd,ilvE-2,guaB,ABR55040.1,leuD,ABR55046.1,hpt,ABR55056.1,purQ,purL,ribK,thiC,polC,polB,ABR55116.1,ABR55119.1,ABR55138.1,mptD,pfdB,ABR55160.1,rpl12,ABR55177.1,purE,nac,ABR55199.1,ABR55213.1,ABR55214.1,ilvD,mtd,hacB,pyrH,purD,ABR55285.1,prs,ABR55302.1,pyrD,ABR55321.1,ABR55323.1,dapA,ABR55368.1,eif1a,tiaS,ABR55405.1,apt2,ilvC,ABR55434.1,ABR55435.1,ABR55463.1,proS,ABR55555.1,ABR55556.1,ABR55583.1,ABR55585.1,purC,ABR55587.1,ABR55591.1	1.88e-05	0.00038	Cellular process
Process	GO:0009259	30	63	406327	guaAB,pyrG,ABR54203.1,carB,purF,purM,purO,purP,purA,guaAA,pyrE,ABR54722.1,pgk,carA,pyrB,ABR54999.1,purT,guaB,hpt,purQ,purL,ribK,purE,pyrH,purD,pyrD,ABR55323.1,ABR55368.1,apt2,MMP0540	guaAB,pyrG,ABR54203.1,carB,purF,purM,purO,purP,purA,guaAA,pyrE,ABR54722.1,pgk,carA,pyrB,ABR54999.1,purT,guaB,hpt,purQ,purL,ribK,purE,pyrH,purD,pyrD,ABR55323.1,ABR55368.1,apt2,purC	2.88e-05	0.00057	Ribonucleotide metabolic process
Process	GO:0009117	35	81	406327	guaAB,pyrG,ABR54203.1,carB,tmk,purF,nadA,purM,purO,purP,purA,guaAA,nadK,pyrE,ABR54722.1,pgk,ABR54795.1,carA,pyrB,ABR54999.1,purT,guaB,hpt,purQ,purL,ribK,purE,pyrH,purD,prs,pyrD,ABR55323.1,ABR55368.1,apt2,MMP0540	guaAB,pyrG,ABR54203.1,carB,tmk,purF,nadA,purM,purO,purP,purA,guaAA,nadK,pyrE,ABR54722.1,pgk,ABR54795.1,carA,pyrB,ABR54999.1,purT,guaB,hpt,purQ,purL,ribK,purE,pyrH,purD,prs,pyrD,ABR55323.1,ABR55368.1,apt2,purC	3.09e-05	0.0006	Nucleotide metabolic process
Process	GO:1901607	27	54	406327	ABR53955.1,ABR54082.1,ABR54089.1,carB,ABR54255.1,ABR54293.1,ilvE,argD,leuC,asd,leuC-2,ABR54747.1,carA,ABR54907.1,argG,argC,ilvE-2,ABR55040.1,leuD,ilvD,ABR55285.1,dapA,ilvC,ABR55434.1,ABR55435.1,ABR55585.1,ABR55587.1	ABR53955.1,ABR54082.1,ABR54089.1,carB,ABR54255.1,ABR54293.1,ilvE,argD,leuC,asd,leuC-2,ABR54747.1,carA,ABR54907.1,argG,argC,ilvE-2,ABR55040.1,leuD,ilvD,ABR55285.1,dapA,ilvC,ABR55434.1,ABR55435.1,ABR55585.1,ABR55587.1	3.83e-05	0.00071	Alpha-amino acid biosynthetic process
Process	GO:0018130	54	159	406327	guaAB,pyrG,ABR53969.1,ABR54203.1,carB,tmk,purF,bioB,nadA,purM,dnaG,purO,rpoH,nusA,purP,purA,guaAA,nadK,pyrE,ABR54722.1,bioD,bioF,bioW,ABR54795.1,carA,pyrB,tfb,ABR54998.1,hemA,ABR55001.1,ABR55004.1,purT,MMP0126,guaB,hpt,purQ,purL,ribK,thiC,polC,polB,mptD,purE,ABR55199.1,pyrH,purD,prs,pyrD,ABR55321.1,ABR55323.1,ABR55368.1,apt2,MMP0540,ABR55591.1	guaAB,pyrG,ABR53969.1,ABR54203.1,carB,tmk,purF,bioB,nadA,purM,dnaG,purO,rpoH,nusA,purP,purA,guaAA,nadK,pyrE,ABR54722.1,bioD,bioF,bioW,ABR54795.1,carA,pyrB,tfb,ABR54998.1,hemA,ABR55001.1,ABR55004.1,purT,ABR55031.1,guaB,hpt,purQ,purL,ribK,thiC,polC,polB,mptD,purE,ABR55199.1,pyrH,purD,prs,pyrD,ABR55321.1,ABR55323.1,ABR55368.1,apt2,purC,ABR55591.1	5.71e-05	0.001	Heterocycle biosynthetic process
Process	GO:0009082	13	14	406327	ABR53955.1,ABR54293.1,ilvE,leuC,asd,leuC-2,ilvE-2,leuD,ilvD,ilvC,ABR55434.1,ABR55435.1,ABR55585.1	ABR53955.1,ABR54293.1,ilvE,leuC,asd,leuC-2,ilvE-2,leuD,ilvD,ilvC,ABR55434.1,ABR55435.1,ABR55585.1	6.2e-05	0.0011	Branched-chain amino acid biosynthetic process
Process	GO:0090407	36	89	406327	guaAB,pyrG,ABR54203.1,carB,tmk,purF,nadA,purM,purO,purP,purA,guaAA,nadK,pyrE,ABR54722.1,ABR54795.1,carA,pyrB,purT,guaB,hpt,purQ,purL,ribK,thiC,mptD,purE,pyrH,purD,prs,pyrD,ABR55323.1,ABR55368.1,apt2,MMP0540,ABR55591.1	guaAB,pyrG,ABR54203.1,carB,tmk,purF,nadA,purM,purO,purP,purA,guaAA,nadK,pyrE,ABR54722.1,ABR54795.1,carA,pyrB,purT,guaB,hpt,purQ,purL,ribK,thiC,mptD,purE,pyrH,purD,prs,pyrD,ABR55323.1,ABR55368.1,apt2,purC,ABR55591.1	7.2e-05	0.0012	Organophosphate biosynthetic process
Process	GO:1901135	33	80	406327	guaAB,pyrG,ABR54203.1,carB,tmk,purF,purM,purO,purP,purA,guaAA,pyrE,ABR54722.1,pgk,carA,pyrB,ABR54999.1,cofC,purT,guaB,hpt,purQ,purL,ribK,purE,pyrH,purD,prs,pyrD,ABR55323.1,ABR55368.1,apt2,MMP0540	guaAB,pyrG,ABR54203.1,carB,tmk,purF,purM,purO,purP,purA,guaAA,pyrE,ABR54722.1,pgk,carA,pyrB,ABR54999.1,cofC,purT,guaB,hpt,purQ,purL,ribK,purE,pyrH,purD,prs,pyrD,ABR55323.1,ABR55368.1,apt2,purC	0.00011	0.0018	Carbohydrate derivative metabolic process
Process	GO:0008652	31	73	406327	ABR53955.1,ABR54082.1,ABR54089.1,hisG,hisD,carB,ABR54255.1,ABR54293.1,ilvE,argD,leuC,hisC,asd,leuC-2,ABR54747.1,carA,ABR54907.1,hisF,argG,argC,ilvE-2,ABR55040.1,leuD,ilvD,ABR55285.1,dapA,ilvC,ABR55434.1,ABR55435.1,ABR55585.1,ABR55587.1	ABR53955.1,ABR54082.1,ABR54089.1,hisG,hisD,carB,ABR54255.1,ABR54293.1,ilvE,argD,leuC,hisC,asd,leuC-2,ABR54747.1,carA,ABR54907.1,hisF,argG,argC,ilvE-2,ABR55040.1,leuD,ilvD,ABR55285.1,dapA,ilvC,ABR55434.1,ABR55435.1,ABR55585.1,ABR55587.1	0.00012	0.0019	Cellular amino acid biosynthetic process
Process	GO:1901362	55	169	406327	guaAB,pyrG,ABR53969.1,ABR54203.1,carB,tmk,purF,bioB,nadA,purM,dnaG,purO,rpoH,nusA,purP,purA,guaAA,nadK,pyrE,ABR54722.1,ABR54747.1,bioD,bioF,bioW,ABR54795.1,carA,pyrB,tfb,ABR54998.1,hemA,ABR55001.1,ABR55004.1,purT,MMP0126,guaB,hpt,purQ,purL,ribK,thiC,polC,polB,mptD,purE,ABR55199.1,pyrH,purD,prs,pyrD,ABR55321.1,ABR55323.1,ABR55368.1,apt2,MMP0540,ABR55591.1	guaAB,pyrG,ABR53969.1,ABR54203.1,carB,tmk,purF,bioB,nadA,purM,dnaG,purO,rpoH,nusA,purP,purA,guaAA,nadK,pyrE,ABR54722.1,ABR54747.1,bioD,bioF,bioW,ABR54795.1,carA,pyrB,tfb,ABR54998.1,hemA,ABR55001.1,ABR55004.1,purT,ABR55031.1,guaB,hpt,purQ,purL,ribK,thiC,polC,polB,mptD,purE,ABR55199.1,pyrH,purD,prs,pyrD,ABR55321.1,ABR55323.1,ABR55368.1,apt2,purC,ABR55591.1	0.00013	0.002	Organic cyclic compound biosynthetic process
Process	GO:0006520	41	113	406327	pyrG,ABR53955.1,ABR54082.1,iscS,ABR54089.1,hisG,hisD,carB,ABR54255.1,ABR54293.1,ilvE,argD,purF,leuC,hisC,asd,guaAA,leuC-2,nadK,ABR54747.1,carA,trpS,pyrB,ABR54907.1,hisF,ABR54928.1,argG,argC,ilvE-2,ABR55040.1,leuD,purQ,ilvD,ABR55285.1,dapA,ilvC,ABR55434.1,ABR55435.1,proS,ABR55585.1,ABR55587.1	pyrG,ABR53955.1,ABR54082.1,iscS,ABR54089.1,hisG,hisD,carB,ABR54255.1,ABR54293.1,ilvE,argD,purF,leuC,hisC,asd,guaAA,leuC-2,nadK,ABR54747.1,carA,trpS,pyrB,ABR54907.1,hisF,ABR54928.1,argG,argC,ilvE-2,ABR55040.1,leuD,purQ,ilvD,ABR55285.1,dapA,ilvC,ABR55434.1,ABR55435.1,proS,ABR55585.1,ABR55587.1	0.00016	0.0025	Cellular amino acid metabolic process
Process	GO:0006188	12	14	406327	ABR54203.1,purF,purM,purO,purP,purT,hpt,purQ,purL,purE,purD,MMP0540	ABR54203.1,purF,purM,purO,purP,purT,hpt,purQ,purL,purE,purD,purC	0.0002	0.0029	IMP biosynthetic process
Process	GO:0009152	19	34	406327	guaAB,ABR54203.1,purF,purM,purO,purP,purA,guaAA,ABR54722.1,purT,guaB,hpt,purQ,purL,purE,purD,ABR55323.1,apt2,MMP0540	guaAB,ABR54203.1,purF,purM,purO,purP,purA,guaAA,ABR54722.1,purT,guaB,hpt,purQ,purL,purE,purD,ABR55323.1,apt2,purC	0.00019	0.0029	Purine ribonucleotide biosynthetic process
Process	GO:0044283	45	132	406327	ABR53955.1,ABR53969.1,ABR54082.1,ABR54089.1,hisG,hisD,carB,ABR54255.1,ABR54293.1,ilvE,argD,leuC,hisC,bioB,nadA,asd,leuC-2,ABR54747.1,bioD,bioF,bioW,carA,ABR54907.1,hisF,argG,argC,MMP0126,ilvE-2,ABR55040.1,leuD,hpt,ribK,thiC,ABR55199.1,ilvD,hacB,ABR55285.1,dapA,apt2,ilvC,ABR55434.1,ABR55435.1,ABR55585.1,MMP0540,ABR55587.1	ABR53955.1,ABR53969.1,ABR54082.1,ABR54089.1,hisG,hisD,carB,ABR54255.1,ABR54293.1,ilvE,argD,leuC,hisC,bioB,nadA,asd,leuC-2,ABR54747.1,bioD,bioF,bioW,carA,ABR54907.1,hisF,argG,argC,ABR55031.1,ilvE-2,ABR55040.1,leuD,hpt,ribK,thiC,ABR55199.1,ilvD,hacB,ABR55285.1,dapA,apt2,ilvC,ABR55434.1,ABR55435.1,ABR55585.1,purC,ABR55587.1	0.00024	0.0034	Small molecule biosynthetic process
Process	GO:0019438	48	145	406327	guaAB,pyrG,ABR54203.1,carB,tmk,purF,nadA,purM,dnaG,purO,rpoH,nusA,purP,purA,guaAA,nadK,pyrE,ABR54722.1,ABR54747.1,ABR54795.1,carA,pyrB,tfb,ABR54998.1,hemA,ABR55001.1,ABR55004.1,purT,guaB,hpt,purQ,purL,ribK,thiC,polC,polB,mptD,purE,ABR55199.1,pyrH,purD,prs,pyrD,ABR55321.1,ABR55323.1,ABR55368.1,apt2,MMP0540	guaAB,pyrG,ABR54203.1,carB,tmk,purF,nadA,purM,dnaG,purO,rpoH,nusA,purP,purA,guaAA,nadK,pyrE,ABR54722.1,ABR54747.1,ABR54795.1,carA,pyrB,tfb,ABR54998.1,hemA,ABR55001.1,ABR55004.1,purT,guaB,hpt,purQ,purL,ribK,thiC,polC,polB,mptD,purE,ABR55199.1,pyrH,purD,prs,pyrD,ABR55321.1,ABR55323.1,ABR55368.1,apt2,purC	0.00026	0.0036	Aromatic compound biosynthetic process
Process	GO:0019386	12	15	406327	ABR54470.1,mtrE,mtrD,mtrC,mtrB,mtrA,mtrA-2,mtrG,mtrH,hmd,mtd,ABR55555.1	ABR54470.1,mtrE,mtrD,mtrC,mtrB,mtrA,mtrA-2,mtrG,mtrH,hmd,mtd,ABR55555.1	0.00031	0.0042	Methanogenesis, from carbon dioxide
Process	GO:0044272	22	46	406327	ABR53969.1,ABR54082.1,ABR54089.1,ABR54123.1,bioB,ABR54532.1,asd,ABR54719.1,ABR54720.1,ABR54722.1,bioD,bioF,bioW,MMP0126,ABR55046.1,thiC,ABR55116.1,ABR55199.1,ABR55213.1,ABR55214.1,ABR55285.1,ABR55435.1	ABR53969.1,ABR54082.1,ABR54089.1,ABR54123.1,bioB,ABR54532.1,asd,ABR54719.1,ABR54720.1,ABR54722.1,bioD,bioF,bioW,ABR55031.1,ABR55046.1,thiC,ABR55116.1,ABR55199.1,ABR55213.1,ABR55214.1,ABR55285.1,ABR55435.1	0.00034	0.0044	Sulfur compound biosynthetic process
Process	GO:1901564	98	376	406327	guaAB,pyrG,ABR53955.1,ABR53969.1,ABR54075.1,ABR54082.1,iscS,ABR54089.1,eIF5A,hisG,hisD,ABR54203.1,carB,ABR54255.1,tmk,ABR54293.1,ilvE,argD,purF,leuC,hisC,bioB,nadA,purM,gatE,purO,rpl18e,purP,asd,ef1b,rpl32e,rpl30,purA,spt5,guaAA,leuC-2,nadK,pyrE,ABR54722.1,ABR54747.1,pgk,bioD,bioF,bioW,ABR54795.1,rps15,carA,trpS,rps8e,pyrB,ABR54907.1,ABR54912.1,rps27e,hisF,ABR54928.1,argG,ABR54988.1,ABR54999.1,hemA,ABR55001.1,rpl21e,argC,cofC,purT,MMP0126,ilvE-2,guaB,ABR55040.1,leuD,hpt,MMP0153,purQ,purL,ribK,thiC,mptD,rpl12,purE,ABR55199.1,ilvD,hacB,pyrH,purD,ABR55285.1,pyrD,ABR55323.1,dapA,ABR55368.1,eif1a,apt2,ilvC,ABR55434.1,ABR55435.1,proS,ABR55585.1,MMP0540,ABR55587.1,ABR55591.1	guaAB,pyrG,ABR53955.1,ABR53969.1,ABR54075.1,ABR54082.1,iscS,ABR54089.1,eIF5A,hisG,hisD,ABR54203.1,carB,ABR54255.1,tmk,ABR54293.1,ilvE,argD,purF,leuC,hisC,bioB,nadA,purM,gatE,purO,rpl18e,purP,asd,ef1b,rpl32e,rpl30,purA,spt5,guaAA,leuC-2,nadK,pyrE,ABR54722.1,ABR54747.1,pgk,bioD,bioF,bioW,ABR54795.1,rps15,carA,trpS,rps8e,pyrB,ABR54907.1,ABR54912.1,rps27e,hisF,ABR54928.1,argG,ABR54988.1,ABR54999.1,hemA,ABR55001.1,rpl21e,argC,cofC,purT,ABR55031.1,ilvE-2,guaB,ABR55040.1,leuD,hpt,ABR55056.1,purQ,purL,ribK,thiC,mptD,rpl12,purE,ABR55199.1,ilvD,hacB,pyrH,purD,ABR55285.1,pyrD,ABR55323.1,dapA,ABR55368.1,eif1a,apt2,ilvC,ABR55434.1,ABR55435.1,proS,ABR55585.1,purC,ABR55587.1,ABR55591.1	0.00037	0.0048	Organonitrogen compound metabolic process
Process	GO:0006189	11	13	406327	ABR54203.1,purF,purM,purO,purP,purT,purQ,purL,purE,purD,MMP0540	ABR54203.1,purF,purM,purO,purP,purT,purQ,purL,purE,purD,purC	0.0004	0.0052	De novo IMP biosynthetic process
Process	GO:0019637	39	113	406327	guaAB,pyrG,ABR54203.1,carB,tmk,purF,nadA,purM,purO,purP,purA,guaAA,nadK,pyrE,ABR54722.1,pgk,ABR54795.1,carA,pyrB,ABR54999.1,cofC,purT,guaB,hpt,purQ,purL,ribK,thiC,mptD,purE,pyrH,purD,prs,pyrD,ABR55323.1,ABR55368.1,apt2,MMP0540,ABR55591.1	guaAB,pyrG,ABR54203.1,carB,tmk,purF,nadA,purM,purO,purP,purA,guaAA,nadK,pyrE,ABR54722.1,pgk,ABR54795.1,carA,pyrB,ABR54999.1,cofC,purT,guaB,hpt,purQ,purL,ribK,thiC,mptD,purE,pyrH,purD,prs,pyrD,ABR55323.1,ABR55368.1,apt2,purC,ABR55591.1	0.00054	0.0068	Organophosphate metabolic process
Process	GO:0006790	23	54	406327	ABR53969.1,ABR54082.1,iscS,ABR54089.1,ABR54123.1,bioB,ABR54532.1,asd,ABR54719.1,ABR54720.1,ABR54722.1,bioD,bioF,bioW,MMP0126,ABR55046.1,thiC,ABR55116.1,ABR55199.1,ABR55213.1,ABR55214.1,ABR55285.1,ABR55435.1	ABR53969.1,ABR54082.1,iscS,ABR54089.1,ABR54123.1,bioB,ABR54532.1,asd,ABR54719.1,ABR54720.1,ABR54722.1,bioD,bioF,bioW,ABR55031.1,ABR55046.1,thiC,ABR55116.1,ABR55199.1,ABR55213.1,ABR55214.1,ABR55285.1,ABR55435.1	0.00089	0.0111	Sulfur compound metabolic process
Process	GO:0006730	11	16	406327	ABR54123.1,mtrE,mtrD,mtrC,mtrB,mtrA,mtrA-2,mtrG,mtrH,hmd,mtd	ABR54123.1,mtrE,mtrD,mtrC,mtrB,mtrA,mtrA-2,mtrG,mtrH,hmd,mtd	0.0014	0.0166	One-carbon metabolic process
Process	GO:0044271	69	255	406327	guaAB,pyrG,ABR53969.1,eIF5A,ABR54203.1,carB,tmk,purF,bioB,nadA,purM,gatE,dnaG,purO,rpl18e,rpoH,nusA,purP,ef1b,rpl32e,rpl30,purA,spt5,guaAA,nadK,pyrE,ABR54722.1,bioD,bioF,bioW,ABR54795.1,rps15,carA,trpS,rps8e,pyrB,ABR54912.1,rps27e,tfb,ABR54998.1,hemA,ABR55001.1,ABR55004.1,rpl21e,purT,MMP0126,guaB,hpt,purQ,purL,ribK,thiC,polC,polB,mptD,rpl12,purE,ABR55199.1,pyrH,purD,prs,pyrD,ABR55321.1,ABR55323.1,ABR55368.1,eif1a,apt2,proS,MMP0540	guaAB,pyrG,ABR53969.1,eIF5A,ABR54203.1,carB,tmk,purF,bioB,nadA,purM,gatE,dnaG,purO,rpl18e,rpoH,nusA,purP,ef1b,rpl32e,rpl30,purA,spt5,guaAA,nadK,pyrE,ABR54722.1,bioD,bioF,bioW,ABR54795.1,rps15,carA,trpS,rps8e,pyrB,ABR54912.1,rps27e,tfb,ABR54998.1,hemA,ABR55001.1,ABR55004.1,rpl21e,purT,ABR55031.1,guaB,hpt,purQ,purL,ribK,thiC,polC,polB,mptD,rpl12,purE,ABR55199.1,pyrH,purD,prs,pyrD,ABR55321.1,ABR55323.1,ABR55368.1,eif1a,apt2,proS,purC	0.0016	0.0194	Cellular nitrogen compound biosynthetic process
Process	GO:0009150	21	50	406327	guaAB,ABR54203.1,purF,purM,purO,purP,purA,guaAA,ABR54722.1,pgk,ABR54999.1,purT,guaB,hpt,purQ,purL,purE,purD,ABR55323.1,apt2,MMP0540	guaAB,ABR54203.1,purF,purM,purO,purP,purA,guaAA,ABR54722.1,pgk,ABR54999.1,purT,guaB,hpt,purQ,purL,purE,purD,ABR55323.1,apt2,purC	0.0017	0.0204	Purine ribonucleotide metabolic process
Process	GO:0009098	8	9	406327	ABR53955.1,ABR54293.1,ilvE,leuC,leuC-2,ilvE-2,leuD,ABR55585.1	ABR53955.1,ABR54293.1,ilvE,leuC,leuC-2,ilvE-2,leuD,ABR55585.1	0.0021	0.0241	Leucine biosynthetic process
Process	GO:0006793	43	141	406327	guaAB,pyrG,ABR54203.1,carB,ABR54255.1,tmk,purF,nadA,purM,purO,purP,purA,guaAA,nadK,pyrE,ABR54722.1,pgk,ABR54795.1,carA,pyrB,ABR54999.1,cofC,purT,guaB,hpt,purQ,purL,ribK,thiC,ABR55138.1,mptD,purE,hacB,pyrH,purD,prs,ABR55302.1,pyrD,ABR55323.1,ABR55368.1,apt2,MMP0540,ABR55591.1	guaAB,pyrG,ABR54203.1,carB,ABR54255.1,tmk,purF,nadA,purM,purO,purP,purA,guaAA,nadK,pyrE,ABR54722.1,pgk,ABR54795.1,carA,pyrB,ABR54999.1,cofC,purT,guaB,hpt,purQ,purL,ribK,thiC,ABR55138.1,mptD,purE,hacB,pyrH,purD,prs,ABR55302.1,pyrD,ABR55323.1,ABR55368.1,apt2,purC,ABR55591.1	0.0023	0.0251	Phosphorus metabolic process
Process	GO:0006796	42	137	406327	guaAB,pyrG,ABR54203.1,carB,ABR54255.1,tmk,purF,nadA,purM,purO,purP,purA,guaAA,nadK,pyrE,ABR54722.1,pgk,ABR54795.1,carA,pyrB,ABR54999.1,cofC,purT,guaB,hpt,purQ,purL,ribK,thiC,ABR55138.1,mptD,purE,pyrH,purD,prs,ABR55302.1,pyrD,ABR55323.1,ABR55368.1,apt2,MMP0540,ABR55591.1	guaAB,pyrG,ABR54203.1,carB,ABR54255.1,tmk,purF,nadA,purM,purO,purP,purA,guaAA,nadK,pyrE,ABR54722.1,pgk,ABR54795.1,carA,pyrB,ABR54999.1,cofC,purT,guaB,hpt,purQ,purL,ribK,thiC,ABR55138.1,mptD,purE,pyrH,purD,prs,ABR55302.1,pyrD,ABR55323.1,ABR55368.1,apt2,purC,ABR55591.1	0.0024	0.0257	Phosphate-containing compound metabolic process
Process	GO:0009097	7	8	406327	ilvE,asd,ilvE-2,ilvD,ilvC,ABR55434.1,ABR55435.1	ilvE,asd,ilvE-2,ilvD,ilvC,ABR55434.1,ABR55435.1	0.0043	0.0463	Isoleucine biosynthetic process
Component	GO:0005737	149	595	406327	guaAB,pyrG,ABR53955.1,ABR53969.1,nifH,ABR53981.1,ABR53982.1,ABR53984.1,ABR53985.1,ABR53986.1,ABR53989.1,sucD,ABR54073.1,iscS,ABR54089.1,ABR54123.1,trmY,eIF5A,hisG,hisD,ABR54203.1,rsmA,carB,ABR54254.1,ABR54255.1,tmk,ABR54286.1,ABR54293.1,ABR54298.1,ilvE,argD,ABR54338.1,ABR54352.1,purF,leuC,MMP1154,ABR54386.1,ABR54387.1,ABR54389.1,ABR54390.1,ABR54399.1,hisC,bioB,nadA,ABR54469.1,ABR54470.1,purM,gatE,ABR54498.1,ABR54532.1,ABR54567.1,ABR54572.1,ABR54573.1,rpoH,nusA,purP,ABR54600.1,asd,ef1b,ABR54642.1,purA,guaAA,ABR54663.1,leuC-2,ABR54702.1,nadK,pyrE,ABR54719.1,ABR54734.1,ABR54747.1,pgk,ABR54773.1,ABR54776.1,ABR54777.1,mtrE,mtrD,bioD,bioF,ABR54795.1,carA,trpS,albA,pyrB,ABR54896.1,ABR54899.1,ABR54900.1,ABR54901.1,ABR54902.1,ABR54907.1,ABR54912.1,rps27e,ABR54926.1,hisF,ABR54928.1,ABR54962.1,ABR54983.1,argG,pelA,ABR54999.1,hemA,ABR55002.1,ABR55004.1,pus10,ABR55008.1,argC,ABR55024.1,purT,MMP0126,ilvE-2,ABR55040.1,ABR55046.1,hpt,MMP0153,ABR55075.1,purQ,purL,thiC,ABR55138.1,pfdB,ABR55160.1,ABR55163.1,nac,ABR55213.1,ilvD,pyrH,purD,ABR55285.1,ABR55291.1,prs,pyrD,ABR55321.1,dapA,ABR55368.1,eif1a,tiaS,apt2,ilvC,ABR55434.1,ABR55435.1,proS,ABR55473.1,ABR55554.1,ABR55556.1,ABR55585.1,MMP0540,ABR55587.1,ABR55589.1,ABR55590.1,ABR55591.1	guaAB,pyrG,ABR53955.1,ABR53969.1,nifH,ABR53981.1,ABR53982.1,ABR53984.1,ABR53985.1,ABR53986.1,ABR53989.1,sucD,ABR54073.1,iscS,ABR54089.1,ABR54123.1,trmY,eIF5A,hisG,hisD,ABR54203.1,rsmA,carB,ABR54254.1,ABR54255.1,tmk,ABR54286.1,ABR54293.1,ABR54298.1,ilvE,argD,ABR54338.1,ABR54352.1,purF,leuC,ABR54381.1,ABR54386.1,ABR54387.1,ABR54389.1,ABR54390.1,ABR54399.1,hisC,bioB,nadA,ABR54469.1,ABR54470.1,purM,gatE,ABR54498.1,ABR54532.1,ABR54567.1,ABR54572.1,ABR54573.1,rpoH,nusA,purP,ABR54600.1,asd,ef1b,ABR54642.1,purA,guaAA,ABR54663.1,leuC-2,ABR54702.1,nadK,pyrE,ABR54719.1,ABR54734.1,ABR54747.1,pgk,ABR54773.1,ABR54776.1,ABR54777.1,mtrE,mtrD,bioD,bioF,ABR54795.1,carA,trpS,albA,pyrB,ABR54896.1,ABR54899.1,ABR54900.1,ABR54901.1,ABR54902.1,ABR54907.1,ABR54912.1,rps27e,ABR54926.1,hisF,ABR54928.1,ABR54962.1,ABR54983.1,argG,pelA,ABR54999.1,hemA,ABR55002.1,ABR55004.1,pus10,ABR55008.1,argC,ABR55024.1,purT,ABR55031.1,ilvE-2,ABR55040.1,ABR55046.1,hpt,ABR55056.1,ABR55075.1,purQ,purL,thiC,ABR55138.1,pfdB,ABR55160.1,ABR55163.1,nac,ABR55213.1,ilvD,pyrH,purD,ABR55285.1,ABR55291.1,prs,pyrD,ABR55321.1,dapA,ABR55368.1,eif1a,tiaS,apt2,ilvC,ABR55434.1,ABR55435.1,proS,ABR55473.1,ABR55554.1,ABR55556.1,ABR55585.1,purC,ABR55587.1,ABR55589.1,ABR55590.1,ABR55591.1	1.67e-05	0.002	Cytoplasm
Component	GO:0005622	166	722	406327	guaAB,pyrG,ABR53955.1,ABR53969.1,nifH,ABR53981.1,ABR53982.1,ABR53984.1,ABR53985.1,ABR53986.1,ABR53989.1,sucD,ABR54073.1,iscS,ABR54089.1,ABR54123.1,trmY,eIF5A,hisG,hisD,ABR54203.1,rsmA,carB,ABR54254.1,ABR54255.1,tmk,ABR54286.1,ABR54293.1,ABR54298.1,ilvE,argD,ABR54338.1,ABR54352.1,endA,ABR54372.1,purF,leuC,MMP1154,ABR54386.1,ABR54387.1,ABR54389.1,ABR54390.1,ABR54399.1,hisC,bioB,nadA,ABR54469.1,ABR54470.1,purM,gatE,ABR54498.1,dnaG,ABR54532.1,rpl18e,ABR54567.1,ABR54572.1,ABR54573.1,rpoH,nusA,purP,ABR54600.1,asd,ef1b,rpl32e,rpl30,ABR54642.1,purA,spt5,guaAA,ABR54663.1,leuC-2,ABR54702.1,nadK,pyrE,ABR54719.1,ABR54734.1,ABR54747.1,pgk,ABR54773.1,ABR54776.1,ABR54777.1,mtrE,mtrD,mtrH,bioD,bioF,ABR54795.1,rps15,carA,trpS,albA,ABR54854.1,rps8e,pyrB,ABR54896.1,ABR54899.1,ABR54900.1,ABR54901.1,ABR54902.1,ABR54907.1,ABR54912.1,rps27e,ABR54926.1,hisF,ABR54928.1,ABR54942.1,ABR54962.1,ABR54983.1,argG,pelA,ABR54999.1,hemA,ABR55002.1,ABR55004.1,rpl21e,pus10,ABR55008.1,argC,ABR55024.1,purT,MMP0126,ilvE-2,ABR55040.1,ABR55046.1,hpt,MMP0153,ABR55075.1,purQ,purL,thiC,ABR55138.1,pfdB,ABR55160.1,ABR55163.1,rpl12,ABR55177.1,nac,ABR55213.1,ilvD,pyrH,purD,ABR55285.1,ABR55291.1,prs,pyrD,ABR55321.1,dapA,ABR55368.1,eif1a,ABR55371.1,tiaS,apt2,ilvC,ABR55434.1,ABR55435.1,proS,ABR55473.1,ABR55554.1,ABR55556.1,ABR55585.1,MMP0540,ABR55587.1,ABR55589.1,ABR55590.1,ABR55591.1,ABR55592.1	guaAB,pyrG,ABR53955.1,ABR53969.1,nifH,ABR53981.1,ABR53982.1,ABR53984.1,ABR53985.1,ABR53986.1,ABR53989.1,sucD,ABR54073.1,iscS,ABR54089.1,ABR54123.1,trmY,eIF5A,hisG,hisD,ABR54203.1,rsmA,carB,ABR54254.1,ABR54255.1,tmk,ABR54286.1,ABR54293.1,ABR54298.1,ilvE,argD,ABR54338.1,ABR54352.1,endA,ABR54372.1,purF,leuC,ABR54381.1,ABR54386.1,ABR54387.1,ABR54389.1,ABR54390.1,ABR54399.1,hisC,bioB,nadA,ABR54469.1,ABR54470.1,purM,gatE,ABR54498.1,dnaG,ABR54532.1,rpl18e,ABR54567.1,ABR54572.1,ABR54573.1,rpoH,nusA,purP,ABR54600.1,asd,ef1b,rpl32e,rpl30,ABR54642.1,purA,spt5,guaAA,ABR54663.1,leuC-2,ABR54702.1,nadK,pyrE,ABR54719.1,ABR54734.1,ABR54747.1,pgk,ABR54773.1,ABR54776.1,ABR54777.1,mtrE,mtrD,mtrH,bioD,bioF,ABR54795.1,rps15,carA,trpS,albA,ABR54854.1,rps8e,pyrB,ABR54896.1,ABR54899.1,ABR54900.1,ABR54901.1,ABR54902.1,ABR54907.1,ABR54912.1,rps27e,ABR54926.1,hisF,ABR54928.1,ABR54942.1,ABR54962.1,ABR54983.1,argG,pelA,ABR54999.1,hemA,ABR55002.1,ABR55004.1,rpl21e,pus10,ABR55008.1,argC,ABR55024.1,purT,ABR55031.1,ilvE-2,ABR55040.1,ABR55046.1,hpt,ABR55056.1,ABR55075.1,purQ,purL,thiC,ABR55138.1,pfdB,ABR55160.1,ABR55163.1,rpl12,ABR55177.1,nac,ABR55213.1,ilvD,pyrH,purD,ABR55285.1,ABR55291.1,prs,pyrD,ABR55321.1,dapA,ABR55368.1,eif1a,ABR55371.1,tiaS,apt2,ilvC,ABR55434.1,ABR55435.1,proS,ABR55473.1,ABR55554.1,ABR55556.1,ABR55585.1,purC,ABR55587.1,ABR55589.1,ABR55590.1,ABR55591.1,ABR55592.1	0.00033	0.02	Intracellular anatomical structure
Function	GO:0016491	66	156	406327	ABR53955.1,nifH,ABR53981.1,ABR53982.1,ABR53984.1,ABR53985.1,ABR53986.1,ABR53987.1,ABR53989.1,ABR53990.1,ABR54073.1,hisD,ABR54285.1,ABR54286.1,ABR54298.1,ABR54380.1,MMP1154,MMP1155,ABR54383.1,ABR54384.1,ABR54389.1,ABR54399.1,ABR54446.1,ABR54466.1,ABR54467.1,ABR54468.1,ABR54470.1,ABR54494.1,ABR54513.1,ABR54514.1,ABR54574.1,ABR54598.1,ABR54600.1,ABR54601.1,asd,ABR54702.1,ABR54720.1,ABR54721.1,ABR54722.1,ABR54896.1,ABR54897.1,ABR54899.1,ABR54900.1,ABR54901.1,ABR54902.1,ABR54907.1,ABR54983.1,ABR54995.1,ABR54999.1,hemA,ABR55001.1,argC,hmd,guaB,ABR55043.1,ABR55116.1,ABR55138.1,ABR55214.1,mtd,ABR55294.1,pyrD,ilvC,ABR55473.1,ABR55555.1,ABR55556.1,ABR55585.1	ABR53955.1,nifH,ABR53981.1,ABR53982.1,ABR53984.1,ABR53985.1,ABR53986.1,ABR53987.1,ABR53989.1,ABR53990.1,ABR54073.1,hisD,ABR54285.1,ABR54286.1,ABR54298.1,ABR54380.1,ABR54381.1,ABR54382.1,ABR54383.1,ABR54384.1,ABR54389.1,ABR54399.1,ABR54446.1,ABR54466.1,ABR54467.1,ABR54468.1,ABR54470.1,ABR54494.1,ABR54513.1,ABR54514.1,ABR54574.1,ABR54598.1,ABR54600.1,ABR54601.1,asd,ABR54702.1,ABR54720.1,ABR54721.1,ABR54722.1,ABR54896.1,ABR54897.1,ABR54899.1,ABR54900.1,ABR54901.1,ABR54902.1,ABR54907.1,ABR54983.1,ABR54995.1,ABR54999.1,hemA,ABR55001.1,argC,hmd,guaB,ABR55043.1,ABR55116.1,ABR55138.1,ABR55214.1,mtd,ABR55294.1,pyrD,ilvC,ABR55473.1,ABR55555.1,ABR55556.1,ABR55585.1	8.54e-09	4.83e-06	Oxidoreductase activity
Function	GO:0003824	191	772	406327	guaAB,pyrG,ABR53955.1,cofG,ABR53969.1,nifH,ABR53981.1,ABR53982.1,ABR53984.1,ABR53985.1,ABR53986.1,ABR53987.1,ABR53989.1,ABR53990.1,sucD,ABR54073.1,ABR54075.1,ABR54082.1,iscS,ABR54089.1,ABR54096.1,ABR54123.1,trmY,cca,hisG,ABR54167.1,hisD,ABR54203.1,rsmA,ABR54223.1,carB,ABR54255.1,tmk,ABR54285.1,ABR54286.1,ABR54293.1,ABR54298.1,ilvE,argD,ABR54338.1,endA,purF,leuC,ABR54380.1,MMP1154,MMP1155,ABR54383.1,ABR54384.1,ABR54389.1,ABR54399.1,ABR54434.1,hisC,ABR54446.1,bioB,nadA,ABR54466.1,ABR54467.1,ABR54468.1,ABR54469.1,ABR54470.1,purM,gatE,ABR54494.1,ABR54500.1,dnaG,ABR54513.1,ABR54514.1,purO,ABR54532.1,ABR54567.1,ABR54574.1,rpoH,purP,ABR54598.1,ABR54600.1,ABR54601.1,asd,ABR54642.1,purA,guaAA,leuC-2,ABR54702.1,nadK,pyrE,ABR54719.1,ABR54720.1,ABR54721.1,ABR54722.1,ABR54734.1,ABR54747.1,pgk,ABR54772.1,ABR54773.1,ABR54776.1,ABR54777.1,mtrE,mtrD,mtrC,mtrB,mtrA,mtrA-2,mtrG,mtrH,bioD,bioF,bioW,ABR54795.1,carA,trpS,pyrB,ABR54896.1,ABR54897.1,ABR54899.1,ABR54900.1,ABR54901.1,ABR54902.1,ABR54907.1,hisF,ABR54928.1,ABR54962.1,ABR54983.1,argG,ABR54988.1,ABR54995.1,pelA,ABR54999.1,hemA,ABR55001.1,ABR55002.1,pus10,ABR55008.1,argC,cofC,ABR55024.1,purT,ABR55029.1,MMP0126,hmd,ilvE-2,guaB,ABR55040.1,leuD,ABR55043.1,ABR55046.1,hpt,MMP0153,ABR55075.1,purQ,purL,ribK,thiC,polC,polB,ABR55116.1,ABR55138.1,mptD,ABR55163.1,ABR55177.1,purE,ABR55199.1,ABR55213.1,ABR55214.1,ilvD,mtd,hacB,pyrH,purD,ABR55285.1,ABR55294.1,prs,ABR55302.1,pyrD,ABR55321.1,ABR55323.1,dapA,ABR55368.1,tiaS,apt2,ilvC,ABR55434.1,ABR55435.1,proS,ABR55473.1,ABR55554.1,ABR55555.1,ABR55556.1,ABR55583.1,ABR55585.1,MMP0540,ABR55587.1,ABR55590.1	guaAB,pyrG,ABR53955.1,cofG,ABR53969.1,nifH,ABR53981.1,ABR53982.1,ABR53984.1,ABR53985.1,ABR53986.1,ABR53987.1,ABR53989.1,ABR53990.1,sucD,ABR54073.1,ABR54075.1,ABR54082.1,iscS,ABR54089.1,ABR54096.1,ABR54123.1,trmY,cca,hisG,ABR54167.1,hisD,ABR54203.1,rsmA,ABR54223.1,carB,ABR54255.1,tmk,ABR54285.1,ABR54286.1,ABR54293.1,ABR54298.1,ilvE,argD,ABR54338.1,endA,purF,leuC,ABR54380.1,ABR54381.1,ABR54382.1,ABR54383.1,ABR54384.1,ABR54389.1,ABR54399.1,ABR54434.1,hisC,ABR54446.1,bioB,nadA,ABR54466.1,ABR54467.1,ABR54468.1,ABR54469.1,ABR54470.1,purM,gatE,ABR54494.1,ABR54500.1,dnaG,ABR54513.1,ABR54514.1,purO,ABR54532.1,ABR54567.1,ABR54574.1,rpoH,purP,ABR54598.1,ABR54600.1,ABR54601.1,asd,ABR54642.1,purA,guaAA,leuC-2,ABR54702.1,nadK,pyrE,ABR54719.1,ABR54720.1,ABR54721.1,ABR54722.1,ABR54734.1,ABR54747.1,pgk,ABR54772.1,ABR54773.1,ABR54776.1,ABR54777.1,mtrE,mtrD,mtrC,mtrB,mtrA,mtrA-2,mtrG,mtrH,bioD,bioF,bioW,ABR54795.1,carA,trpS,pyrB,ABR54896.1,ABR54897.1,ABR54899.1,ABR54900.1,ABR54901.1,ABR54902.1,ABR54907.1,hisF,ABR54928.1,ABR54962.1,ABR54983.1,argG,ABR54988.1,ABR54995.1,pelA,ABR54999.1,hemA,ABR55001.1,ABR55002.1,pus10,ABR55008.1,argC,cofC,ABR55024.1,purT,ABR55029.1,ABR55031.1,hmd,ilvE-2,guaB,ABR55040.1,leuD,ABR55043.1,ABR55046.1,hpt,ABR55056.1,ABR55075.1,purQ,purL,ribK,thiC,polC,polB,ABR55116.1,ABR55138.1,mptD,ABR55163.1,ABR55177.1,purE,ABR55199.1,ABR55213.1,ABR55214.1,ilvD,mtd,hacB,pyrH,purD,ABR55285.1,ABR55294.1,prs,ABR55302.1,pyrD,ABR55321.1,ABR55323.1,dapA,ABR55368.1,tiaS,apt2,ilvC,ABR55434.1,ABR55435.1,proS,ABR55473.1,ABR55554.1,ABR55555.1,ABR55556.1,ABR55583.1,ABR55585.1,purC,ABR55587.1,ABR55590.1	2.09e-07	5.91e-05	Catalytic activity
Function	GO:0051536	35	80	406327	cofG,nifH,ABR53982.1,ABR53985.1,ABR53986.1,ABR53987.1,ABR53989.1,ABR53990.1,iscS,ABR54286.1,ABR54298.1,purF,leuC,MMP1154,bioB,nadA,ABR54513.1,ABR54514.1,ABR54567.1,ABR54598.1,ABR54600.1,ABR54601.1,leuC-2,ABR54721.1,ABR54772.1,ABR54900.1,ABR54901.1,ABR54902.1,ABR54962.1,ABR54995.1,MMP0126,ABR55043.1,thiC,ilvD,ABR55590.1	cofG,nifH,ABR53982.1,ABR53985.1,ABR53986.1,ABR53987.1,ABR53989.1,ABR53990.1,iscS,ABR54286.1,ABR54298.1,purF,leuC,ABR54381.1,bioB,nadA,ABR54513.1,ABR54514.1,ABR54567.1,ABR54598.1,ABR54600.1,ABR54601.1,leuC-2,ABR54721.1,ABR54772.1,ABR54900.1,ABR54901.1,ABR54902.1,ABR54962.1,ABR54995.1,ABR55031.1,ABR55043.1,thiC,ilvD,ABR55590.1	2.51e-05	0.0047	Iron-sulfur cluster binding
Function	GO:0005488	148	614	406327	guaAB,pyrG,ABR53955.1,cofG,ABR53969.1,nifH,ABR53982.1,ABR53984.1,ABR53985.1,ABR53986.1,ABR53987.1,ABR53989.1,ABR53990.1,sucD,ABR54082.1,iscS,eIF5A,cca,hisG,hisD,rsmA,carB,ABR54255.1,tmk,ABR54286.1,ABR54298.1,argD,ABR54338.1,ABR54352.1,endA,purF,leuC,ABR54380.1,MMP1154,ABR54384.1,ABR54386.1,ABR54387.1,ABR54389.1,ABR54432.1,hisC,ABR54446.1,bioB,nadA,ABR54468.1,ABR54470.1,purM,gatE,ABR54498.1,ABR54500.1,dnaG,ABR54513.1,ABR54514.1,ABR54530.1,ABR54532.1,ABR54567.1,rpoH,nusA,purP,ABR54598.1,ABR54600.1,ABR54601.1,asd,ef1b,purA,spt5,guaAA,ABR54663.1,leuC-2,nadK,pyrE,ABR54719.1,ABR54721.1,ABR54734.1,pgk,ABR54772.1,ABR54777.1,mtrA,mtrA-2,bioD,bioF,bioW,ABR54795.1,carA,trpS,albA,ABR54843.1,ABR54854.1,pyrB,ABR54899.1,ABR54900.1,ABR54901.1,ABR54902.1,ABR54907.1,ABR54912.1,rps27e,ABR54921.1,tfb,ABR54962.1,argG,ABR54995.1,pelA,ABR54998.1,hemA,ABR55004.1,pus10,ABR55008.1,argC,cofC,purT,MMP0126,guaB,ABR55040.1,ABR55043.1,ABR55046.1,ABR55075.1,purQ,purL,ribK,thiC,polC,polB,ABR55138.1,pfdB,ABR55163.1,ABR55177.1,ABR55189.1,nac,ABR55213.1,ilvD,pyrH,purD,ABR55285.1,prs,ABR55321.1,eif1a,ABR55371.1,tiaS,ABR55387.1,ilvC,ABR55435.1,proS,ABR55555.1,ABR55583.1,ABR55585.1,MMP0540,ABR55587.1,ABR55590.1,ABR55593.1	guaAB,pyrG,ABR53955.1,cofG,ABR53969.1,nifH,ABR53982.1,ABR53984.1,ABR53985.1,ABR53986.1,ABR53987.1,ABR53989.1,ABR53990.1,sucD,ABR54082.1,iscS,eIF5A,cca,hisG,hisD,rsmA,carB,ABR54255.1,tmk,ABR54286.1,ABR54298.1,argD,ABR54338.1,ABR54352.1,endA,purF,leuC,ABR54380.1,ABR54381.1,ABR54384.1,ABR54386.1,ABR54387.1,ABR54389.1,ABR54432.1,hisC,ABR54446.1,bioB,nadA,ABR54468.1,ABR54470.1,purM,gatE,ABR54498.1,ABR54500.1,dnaG,ABR54513.1,ABR54514.1,ABR54530.1,ABR54532.1,ABR54567.1,rpoH,nusA,purP,ABR54598.1,ABR54600.1,ABR54601.1,asd,ef1b,purA,spt5,guaAA,ABR54663.1,leuC-2,nadK,pyrE,ABR54719.1,ABR54721.1,ABR54734.1,pgk,ABR54772.1,ABR54777.1,mtrA,mtrA-2,bioD,bioF,bioW,ABR54795.1,carA,trpS,albA,ABR54843.1,ABR54854.1,pyrB,ABR54899.1,ABR54900.1,ABR54901.1,ABR54902.1,ABR54907.1,ABR54912.1,rps27e,ABR54921.1,tfb,ABR54962.1,argG,ABR54995.1,pelA,ABR54998.1,hemA,ABR55004.1,pus10,ABR55008.1,argC,cofC,purT,ABR55031.1,guaB,ABR55040.1,ABR55043.1,ABR55046.1,ABR55075.1,purQ,purL,ribK,thiC,polC,polB,ABR55138.1,pfdB,ABR55163.1,ABR55177.1,ABR55189.1,nac,ABR55213.1,ilvD,pyrH,purD,ABR55285.1,prs,ABR55321.1,eif1a,ABR55371.1,tiaS,ABR55387.1,ilvC,ABR55435.1,proS,ABR55555.1,ABR55583.1,ABR55585.1,purC,ABR55587.1,ABR55590.1,ABR55593.1	0.00013	0.0143	Binding
Function	GO:0016695	11	12	406327	ABR53984.1,ABR53987.1,ABR53989.1,ABR53990.1,ABR54380.1,ABR54598.1,ABR54600.1,ABR54601.1,ABR54899.1,hmd,mtd	ABR53984.1,ABR53987.1,ABR53989.1,ABR53990.1,ABR54380.1,ABR54598.1,ABR54600.1,ABR54601.1,ABR54899.1,hmd,mtd	0.00025	0.0188	Oxidoreductase activity, acting on hydrogen as donor
Function	GO:0016879	18	31	406327	guaAB,pyrG,carB,purM,gatE,purP,purA,guaAA,bioD,carA,ABR54928.1,argG,ABR55024.1,purQ,purL,purD,tiaS,MMP0540	guaAB,pyrG,carB,purM,gatE,purP,purA,guaAA,bioD,carA,ABR54928.1,argG,ABR55024.1,purQ,purL,purD,tiaS,purC	0.0002	0.0188	Ligase activity, forming carbon-nitrogen bonds
Function	GO:0036094	79	281	406327	guaAB,pyrG,ABR53955.1,ABR53969.1,nifH,ABR53987.1,ABR53989.1,ABR53990.1,sucD,ABR54082.1,iscS,cca,hisG,hisD,carB,ABR54255.1,tmk,argD,ABR54338.1,ABR54352.1,ABR54380.1,ABR54389.1,hisC,ABR54446.1,purM,gatE,ABR54498.1,ABR54500.1,ABR54532.1,ABR54567.1,purP,ABR54598.1,ABR54600.1,ABR54601.1,asd,purA,guaAA,nadK,ABR54719.1,ABR54734.1,pgk,bioD,bioF,bioW,ABR54795.1,carA,trpS,ABR54843.1,pyrB,ABR54907.1,ABR54921.1,ABR54962.1,argG,hemA,ABR55004.1,ABR55008.1,argC,cofC,purT,guaB,ABR55040.1,ABR55046.1,ABR55075.1,purQ,purL,ribK,ABR55138.1,ABR55163.1,ABR55213.1,pyrH,purD,prs,tiaS,ABR55387.1,ilvC,ABR55435.1,proS,ABR55585.1,MMP0540	guaAB,pyrG,ABR53955.1,ABR53969.1,nifH,ABR53987.1,ABR53989.1,ABR53990.1,sucD,ABR54082.1,iscS,cca,hisG,hisD,carB,ABR54255.1,tmk,argD,ABR54338.1,ABR54352.1,ABR54380.1,ABR54389.1,hisC,ABR54446.1,purM,gatE,ABR54498.1,ABR54500.1,ABR54532.1,ABR54567.1,purP,ABR54598.1,ABR54600.1,ABR54601.1,asd,purA,guaAA,nadK,ABR54719.1,ABR54734.1,pgk,bioD,bioF,bioW,ABR54795.1,carA,trpS,ABR54843.1,pyrB,ABR54907.1,ABR54921.1,ABR54962.1,argG,hemA,ABR55004.1,ABR55008.1,argC,cofC,purT,guaB,ABR55040.1,ABR55046.1,ABR55075.1,purQ,purL,ribK,ABR55138.1,ABR55163.1,ABR55213.1,pyrH,purD,prs,tiaS,ABR55387.1,ilvC,ABR55435.1,proS,ABR55585.1,purC	0.00023	0.0188	Small molecule binding
Keyword	KW-0658	15	15	406327	guaAB,ABR54203.1,purF,purM,purO,purP,purA,guaAA,purT,guaB,purQ,purL,purE,purD,MMP0540	guaAB,ABR54203.1,purF,purM,purO,purP,purA,guaAA,purT,guaB,purQ,purL,purE,purD,purC	9.14e-06	0.0015	Purine biosynthesis
Keyword	KW-0560	31	65	406327	ABR53955.1,nifH,ABR53982.1,ABR53984.1,ABR53987.1,ABR53989.1,hisD,ABR54285.1,ABR54286.1,ABR54380.1,MMP1154,MMP1155,ABR54399.1,ABR54470.1,ABR54494.1,asd,ABR54702.1,ABR54722.1,ABR54902.1,ABR54907.1,ABR54999.1,hemA,argC,hmd,guaB,ABR55138.1,mtd,pyrD,ilvC,ABR55555.1,ABR55585.1	ABR53955.1,nifH,ABR53982.1,ABR53984.1,ABR53987.1,ABR53989.1,hisD,ABR54285.1,ABR54286.1,ABR54380.1,ABR54381.1,ABR54382.1,ABR54399.1,ABR54470.1,ABR54494.1,asd,ABR54702.1,ABR54722.1,ABR54902.1,ABR54907.1,ABR54999.1,hemA,argC,hmd,guaB,ABR55138.1,mtd,pyrD,ilvC,ABR55555.1,ABR55585.1	2.05e-05	0.0017	Oxidoreductase
Keyword	KW-0484	14	19	406327	ABR54773.1,ABR54775.1,ABR54776.1,ABR54777.1,mtrE,mtrD,mtrC,mtrB,mtrA,mtrA-2,mtrG,mtrH,hmd,mtd	ABR54773.1,ABR54775.1,ABR54776.1,ABR54777.1,mtrE,mtrD,mtrC,mtrB,mtrA,mtrA-2,mtrG,mtrH,hmd,mtd	0.00018	0.0096	Methanogenesis
Keyword	KW-0554	11	15	406327	ABR54123.1,mtrE,mtrD,mtrC,mtrB,mtrA,mtrA-2,mtrG,mtrH,hmd,mtd	ABR54123.1,mtrE,mtrD,mtrC,mtrB,mtrA,mtrA-2,mtrG,mtrH,hmd,mtd	0.00093	0.0376	One-carbon metabolism
KEGG	mvn01100	155	407	406327	guaAB,pyrG,ABR53955.1,cofG,ABR53969.1,nifH,ABR53981.1,ABR53982.1,ABR53984.1,ABR53985.1,ABR53986.1,ABR53987.1,ABR53989.1,ABR53990.1,sucD,ABR54073.1,ABR54082.1,iscS,ABR54089.1,ABR54123.1,hisG,hisD,ABR54203.1,carB,ABR54255.1,tmk,ABR54285.1,ABR54286.1,ABR54293.1,ABR54298.1,ilvE,argD,ABR54338.1,purF,leuC,MMP1154,MMP1155,ABR54434.1,hisC,bioB,nadA,ABR54466.1,ABR54467.1,ABR54468.1,ABR54469.1,ABR54470.1,purM,gatE,ABR54494.1,ABR54513.1,ABR54514.1,purO,ABR54532.1,ABR54574.1,MMP1359,purP,ABR54598.1,ABR54600.1,ABR54601.1,asd,purA,guaAA,leuC-2,ABR54702.1,nadK,pyrE,ABR54719.1,ABR54720.1,ABR54721.1,ABR54722.1,ABR54747.1,pgk,ABR54773.1,ABR54774.1,ABR54775.1,ABR54776.1,ABR54777.1,mtrE,mtrD,mtrC,mtrB,mtrA,mtrA-2,mtrG,mtrH,bioD,bioF,bioW,ABR54795.1,carA,ABR54843.1,pyrB,ABR54896.1,ABR54899.1,ABR54900.1,ABR54901.1,ABR54902.1,ABR54907.1,hisF,ABR54983.1,argG,ABR54995.1,ABR54999.1,hemA,ABR55001.1,ABR55008.1,argC,cofC,ABR55024.1,purT,MMP0126,hmd,ilvE-2,guaB,ABR55040.1,leuD,ABR55043.1,ABR55046.1,hpt,MMP0153,ABR55075.1,purQ,purL,ribK,thiC,ABR55116.1,ABR55138.1,ABR55163.1,purE,ABR55213.1,ABR55214.1,ilvD,mtd,hacB,pyrH,purD,ABR55285.1,prs,ABR55302.1,pyrD,ABR55323.1,dapA,ABR55368.1,ABR55387.1,apt2,ilvC,ABR55434.1,ABR55435.1,ABR55554.1,ABR55555.1,ABR55556.1,ABR55585.1,MMP0540,ABR55587.1,ABR55591.1	guaAB,pyrG,ABR53955.1,cofG,ABR53969.1,nifH,ABR53981.1,ABR53982.1,ABR53984.1,ABR53985.1,ABR53986.1,ABR53987.1,ABR53989.1,ABR53990.1,sucD,ABR54073.1,ABR54082.1,iscS,ABR54089.1,ABR54123.1,hisG,hisD,ABR54203.1,carB,ABR54255.1,tmk,ABR54285.1,ABR54286.1,ABR54293.1,ABR54298.1,ilvE,argD,ABR54338.1,purF,leuC,ABR54381.1,ABR54382.1,ABR54434.1,hisC,bioB,nadA,ABR54466.1,ABR54467.1,ABR54468.1,ABR54469.1,ABR54470.1,purM,gatE,ABR54494.1,ABR54513.1,ABR54514.1,purO,ABR54532.1,ABR54574.1,ABR54575.1,purP,ABR54598.1,ABR54600.1,ABR54601.1,asd,purA,guaAA,leuC-2,ABR54702.1,nadK,pyrE,ABR54719.1,ABR54720.1,ABR54721.1,ABR54722.1,ABR54747.1,pgk,ABR54773.1,ABR54774.1,ABR54775.1,ABR54776.1,ABR54777.1,mtrE,mtrD,mtrC,mtrB,mtrA,mtrA-2,mtrG,mtrH,bioD,bioF,bioW,ABR54795.1,carA,ABR54843.1,pyrB,ABR54896.1,ABR54899.1,ABR54900.1,ABR54901.1,ABR54902.1,ABR54907.1,hisF,ABR54983.1,argG,ABR54995.1,ABR54999.1,hemA,ABR55001.1,ABR55008.1,argC,cofC,ABR55024.1,purT,ABR55031.1,hmd,ilvE-2,guaB,ABR55040.1,leuD,ABR55043.1,ABR55046.1,hpt,ABR55056.1,ABR55075.1,purQ,purL,ribK,thiC,ABR55116.1,ABR55138.1,ABR55163.1,purE,ABR55213.1,ABR55214.1,ilvD,mtd,hacB,pyrH,purD,ABR55285.1,prs,ABR55302.1,pyrD,ABR55323.1,dapA,ABR55368.1,ABR55387.1,apt2,ilvC,ABR55434.1,ABR55435.1,ABR55554.1,ABR55555.1,ABR55556.1,ABR55585.1,purC,ABR55587.1,ABR55591.1	4.38e-19	3.5e-17	Metabolic pathways
KEGG	mvn01120	86	171	406327	ABR53955.1,cofG,nifH,ABR53981.1,ABR53982.1,ABR53984.1,ABR53985.1,ABR53986.1,ABR53987.1,ABR53989.1,ABR53990.1,sucD,ABR54073.1,ABR54089.1,ABR54255.1,ABR54285.1,ABR54286.1,ABR54298.1,argD,ABR54338.1,MMP1154,MMP1155,ABR54434.1,ABR54466.1,ABR54467.1,ABR54468.1,ABR54469.1,ABR54470.1,ABR54494.1,ABR54513.1,ABR54514.1,ABR54532.1,ABR54598.1,ABR54600.1,ABR54601.1,asd,leuC-2,ABR54702.1,ABR54719.1,ABR54720.1,ABR54721.1,ABR54722.1,pgk,ABR54773.1,ABR54774.1,ABR54775.1,ABR54776.1,ABR54777.1,mtrE,mtrD,mtrC,mtrB,mtrA,mtrA-2,mtrG,mtrH,ABR54843.1,ABR54896.1,ABR54899.1,ABR54900.1,ABR54901.1,ABR54902.1,ABR54907.1,ABR54983.1,ABR54995.1,hemA,ABR55001.1,cofC,hmd,ABR55040.1,ABR55043.1,MMP0153,ABR55075.1,ABR55116.1,ABR55163.1,ABR55213.1,ABR55214.1,mtd,hacB,prs,dapA,ABR55387.1,ABR55554.1,ABR55555.1,ABR55556.1,ABR55587.1	ABR53955.1,cofG,nifH,ABR53981.1,ABR53982.1,ABR53984.1,ABR53985.1,ABR53986.1,ABR53987.1,ABR53989.1,ABR53990.1,sucD,ABR54073.1,ABR54089.1,ABR54255.1,ABR54285.1,ABR54286.1,ABR54298.1,argD,ABR54338.1,ABR54381.1,ABR54382.1,ABR54434.1,ABR54466.1,ABR54467.1,ABR54468.1,ABR54469.1,ABR54470.1,ABR54494.1,ABR54513.1,ABR54514.1,ABR54532.1,ABR54598.1,ABR54600.1,ABR54601.1,asd,leuC-2,ABR54702.1,ABR54719.1,ABR54720.1,ABR54721.1,ABR54722.1,pgk,ABR54773.1,ABR54774.1,ABR54775.1,ABR54776.1,ABR54777.1,mtrE,mtrD,mtrC,mtrB,mtrA,mtrA-2,mtrG,mtrH,ABR54843.1,ABR54896.1,ABR54899.1,ABR54900.1,ABR54901.1,ABR54902.1,ABR54907.1,ABR54983.1,ABR54995.1,hemA,ABR55001.1,cofC,hmd,ABR55040.1,ABR55043.1,ABR55056.1,ABR55075.1,ABR55116.1,ABR55163.1,ABR55213.1,ABR55214.1,mtd,hacB,prs,dapA,ABR55387.1,ABR55554.1,ABR55555.1,ABR55556.1,ABR55587.1	7.71e-15	3.08e-13	Microbial metabolism in diverse environments
KEGG	mvn00680	61	105	406327	ABR53955.1,cofG,ABR53981.1,ABR53982.1,ABR53984.1,ABR53985.1,ABR53986.1,ABR53987.1,ABR53989.1,ABR53990.1,ABR54285.1,ABR54286.1,MMP1154,MMP1155,ABR54466.1,ABR54467.1,ABR54468.1,ABR54469.1,ABR54470.1,ABR54513.1,ABR54514.1,ABR54598.1,ABR54600.1,ABR54601.1,leuC-2,ABR54719.1,ABR54720.1,ABR54721.1,ABR54722.1,ABR54773.1,ABR54774.1,ABR54775.1,ABR54776.1,ABR54777.1,mtrE,mtrD,mtrC,mtrB,mtrA,mtrA-2,mtrG,mtrH,ABR54843.1,ABR54896.1,ABR54899.1,ABR54900.1,ABR54901.1,ABR54902.1,ABR54983.1,ABR54995.1,cofC,hmd,ABR55043.1,MMP0153,mtd,hacB,ABR55387.1,ABR55554.1,ABR55555.1,ABR55556.1,ABR55587.1	ABR53955.1,cofG,ABR53981.1,ABR53982.1,ABR53984.1,ABR53985.1,ABR53986.1,ABR53987.1,ABR53989.1,ABR53990.1,ABR54285.1,ABR54286.1,ABR54381.1,ABR54382.1,ABR54466.1,ABR54467.1,ABR54468.1,ABR54469.1,ABR54470.1,ABR54513.1,ABR54514.1,ABR54598.1,ABR54600.1,ABR54601.1,leuC-2,ABR54719.1,ABR54720.1,ABR54721.1,ABR54722.1,ABR54773.1,ABR54774.1,ABR54775.1,ABR54776.1,ABR54777.1,mtrE,mtrD,mtrC,mtrB,mtrA,mtrA-2,mtrG,mtrH,ABR54843.1,ABR54896.1,ABR54899.1,ABR54900.1,ABR54901.1,ABR54902.1,ABR54983.1,ABR54995.1,cofC,hmd,ABR55043.1,ABR55056.1,mtd,hacB,ABR55387.1,ABR55554.1,ABR55555.1,ABR55556.1,ABR55587.1	1.64e-12	4.38e-11	Methane metabolism
KEGG	mvn01200	57	101	406327	ABR53981.1,ABR53982.1,ABR53984.1,ABR53985.1,ABR53986.1,sucD,ABR54073.1,ABR54089.1,ABR54285.1,ABR54286.1,ABR54298.1,ABR54338.1,MMP1154,MMP1155,ABR54434.1,ABR54466.1,ABR54467.1,ABR54468.1,ABR54469.1,ABR54470.1,ABR54494.1,ABR54513.1,ABR54514.1,ABR54532.1,ABR54719.1,ABR54720.1,ABR54721.1,ABR54722.1,pgk,ABR54773.1,ABR54776.1,ABR54777.1,mtrE,mtrD,mtrC,mtrB,mtrA,mtrA-2,mtrG,mtrH,ABR54896.1,ABR54899.1,ABR54900.1,ABR54901.1,ABR54902.1,ABR54983.1,hmd,ABR55043.1,ABR55116.1,ABR55213.1,ABR55214.1,mtd,prs,ABR55554.1,ABR55555.1,ABR55556.1,ABR55587.1	ABR53981.1,ABR53982.1,ABR53984.1,ABR53985.1,ABR53986.1,sucD,ABR54073.1,ABR54089.1,ABR54285.1,ABR54286.1,ABR54298.1,ABR54338.1,ABR54381.1,ABR54382.1,ABR54434.1,ABR54466.1,ABR54467.1,ABR54468.1,ABR54469.1,ABR54470.1,ABR54494.1,ABR54513.1,ABR54514.1,ABR54532.1,ABR54719.1,ABR54720.1,ABR54721.1,ABR54722.1,pgk,ABR54773.1,ABR54776.1,ABR54777.1,mtrE,mtrD,mtrC,mtrB,mtrA,mtrA-2,mtrG,mtrH,ABR54896.1,ABR54899.1,ABR54900.1,ABR54901.1,ABR54902.1,ABR54983.1,hmd,ABR55043.1,ABR55116.1,ABR55213.1,ABR55214.1,mtd,prs,ABR55554.1,ABR55555.1,ABR55556.1,ABR55587.1	2.51e-11	5.02e-10	Carbon metabolism
KEGG	mvn01110	61	159	406327	ABR53955.1,sucD,ABR54089.1,hisG,hisD,ABR54203.1,ABR54255.1,ABR54293.1,ilvE,argD,ABR54338.1,purF,leuC,ABR54434.1,hisC,purM,purO,ABR54532.1,purP,asd,leuC-2,ABR54719.1,ABR54720.1,ABR54721.1,ABR54722.1,ABR54747.1,pgk,ABR54907.1,hisF,argG,ABR54999.1,hemA,ABR55001.1,ABR55008.1,argC,purT,ilvE-2,guaB,ABR55040.1,leuD,ABR55046.1,MMP0153,ABR55075.1,purQ,purL,ABR55116.1,purE,ABR55213.1,ABR55214.1,ilvD,hacB,purD,ABR55285.1,prs,dapA,ilvC,ABR55434.1,ABR55435.1,ABR55585.1,MMP0540,ABR55587.1	ABR53955.1,sucD,ABR54089.1,hisG,hisD,ABR54203.1,ABR54255.1,ABR54293.1,ilvE,argD,ABR54338.1,purF,leuC,ABR54434.1,hisC,purM,purO,ABR54532.1,purP,asd,leuC-2,ABR54719.1,ABR54720.1,ABR54721.1,ABR54722.1,ABR54747.1,pgk,ABR54907.1,hisF,argG,ABR54999.1,hemA,ABR55001.1,ABR55008.1,argC,purT,ilvE-2,guaB,ABR55040.1,leuD,ABR55046.1,ABR55056.1,ABR55075.1,purQ,purL,ABR55116.1,purE,ABR55213.1,ABR55214.1,ilvD,hacB,purD,ABR55285.1,prs,dapA,ilvC,ABR55434.1,ABR55435.1,ABR55585.1,purC,ABR55587.1	6.21e-07	9.94e-06	Biosynthesis of secondary metabolites
KEGG	mvn01210	20	26	406327	ABR53955.1,ABR54255.1,ABR54293.1,ilvE,argD,leuC,asd,leuC-2,ABR55008.1,argC,ilvE-2,leuD,ABR55046.1,MMP0153,ilvD,hacB,ilvC,ABR55434.1,ABR55435.1,ABR55585.1	ABR53955.1,ABR54255.1,ABR54293.1,ilvE,argD,leuC,asd,leuC-2,ABR55008.1,argC,ilvE-2,leuD,ABR55046.1,ABR55056.1,ilvD,hacB,ilvC,ABR55434.1,ABR55435.1,ABR55585.1	4.46e-06	5.95e-05	2-Oxocarboxylic acid metabolism
KEGG	mvn00230	20	28	406327	guaAB,ABR54203.1,purF,purM,purO,purP,purA,guaAA,purT,guaB,hpt,purQ,purL,ABR55138.1,purE,purD,prs,ABR55302.1,apt2,MMP0540	guaAB,ABR54203.1,purF,purM,purO,purP,purA,guaAA,purT,guaB,hpt,purQ,purL,ABR55138.1,purE,purD,prs,ABR55302.1,apt2,purC	9.84e-06	0.00011	Purine metabolism
KEGG	mvn00650	12	14	406327	ABR54434.1,ABR54532.1,ABR54719.1,ABR54720.1,ABR54721.1,ABR54722.1,ABR55046.1,ABR55116.1,ABR55213.1,ABR55214.1,ABR55434.1,ABR55435.1	ABR54434.1,ABR54532.1,ABR54719.1,ABR54720.1,ABR54721.1,ABR54722.1,ABR55046.1,ABR55116.1,ABR55213.1,ABR55214.1,ABR55434.1,ABR55435.1	0.0002	0.002	Butanoate metabolism
KEGG	mvn00290	11	13	406327	ABR54293.1,ilvE,leuC,ilvE-2,leuD,ABR55046.1,ilvD,ilvC,ABR55434.1,ABR55435.1,ABR55585.1	ABR54293.1,ilvE,leuC,ilvE-2,leuD,ABR55046.1,ilvD,ilvC,ABR55434.1,ABR55435.1,ABR55585.1	0.0004	0.0036	Valine, leucine and isoleucine biosynthesis
KEGG	mvn00620	13	21	406327	ABR54293.1,ABR54434.1,ABR54532.1,ABR54702.1,ABR54719.1,ABR54720.1,ABR54721.1,ABR54722.1,MMP0153,ABR55116.1,ABR55163.1,ABR55213.1,ABR55214.1	ABR54293.1,ABR54434.1,ABR54532.1,ABR54702.1,ABR54719.1,ABR54720.1,ABR54721.1,ABR54722.1,ABR55056.1,ABR55116.1,ABR55163.1,ABR55213.1,ABR55214.1	0.001	0.0081	Pyruvate metabolism
KEGG	mvn01230	33	96	406327	ABR53955.1,ABR54089.1,hisG,hisD,ABR54255.1,ABR54293.1,ilvE,argD,leuC,hisC,asd,leuC-2,ABR54747.1,pgk,ABR54907.1,hisF,argG,argC,ilvE-2,ABR55040.1,leuD,ABR55046.1,MMP0153,ilvD,hacB,ABR55285.1,prs,dapA,ilvC,ABR55434.1,ABR55435.1,ABR55585.1,ABR55587.1	ABR53955.1,ABR54089.1,hisG,hisD,ABR54255.1,ABR54293.1,ilvE,argD,leuC,hisC,asd,leuC-2,ABR54747.1,pgk,ABR54907.1,hisF,argG,argC,ilvE-2,ABR55040.1,leuD,ABR55046.1,ABR55056.1,ilvD,hacB,ABR55285.1,prs,dapA,ilvC,ABR55434.1,ABR55435.1,ABR55585.1,ABR55587.1	0.0016	0.0114	Biosynthesis of amino acids
KEGG	mvn00640	8	9	406327	sucD,ABR54338.1,ABR54434.1,ABR54719.1,ABR54720.1,ABR54721.1,ABR54722.1,ABR55163.1	sucD,ABR54338.1,ABR54434.1,ABR54719.1,ABR54720.1,ABR54721.1,ABR54722.1,ABR55163.1	0.0021	0.014	Propanoate metabolism
KEGG	mvn00780	7	7	406327	ABR53969.1,bioB,bioD,bioF,bioW,ABR55024.1,MMP0126	ABR53969.1,bioB,bioD,bioF,bioW,ABR55024.1,ABR55031.1	0.0026	0.0162	Biotin metabolism
KEGG	mvn00660	8	10	406327	sucD,ABR54338.1,leuC,leuD,ABR55046.1,ABR55434.1,ABR55435.1,ABR55585.1	sucD,ABR54338.1,leuC,leuD,ABR55046.1,ABR55434.1,ABR55435.1,ABR55585.1	0.0033	0.0187	C5-Branched dibasic acid metabolism
KEGG	mvn00720	13	25	406327	sucD,ABR54298.1,ABR54338.1,ABR54434.1,ABR54494.1,ABR54532.1,ABR54719.1,ABR54720.1,ABR54721.1,ABR54722.1,ABR55116.1,ABR55213.1,ABR55214.1	sucD,ABR54298.1,ABR54338.1,ABR54434.1,ABR54494.1,ABR54532.1,ABR54719.1,ABR54720.1,ABR54721.1,ABR54722.1,ABR55116.1,ABR55213.1,ABR55214.1	0.0033	0.0187	Carbon fixation pathways in prokaryotes
KEGG	mvn00300	10	17	406327	ABR53955.1,ABR54255.1,argD,asd,leuC-2,ABR54907.1,ABR55008.1,MMP0153,hacB,dapA	ABR53955.1,ABR54255.1,argD,asd,leuC-2,ABR54907.1,ABR55008.1,ABR55056.1,hacB,dapA	0.0051	0.0255	Lysine biosynthesis
KEGG	mvn00020	10	18	406327	sucD,ABR54338.1,ABR54532.1,ABR54719.1,ABR54720.1,ABR54721.1,ABR54722.1,ABR55116.1,ABR55213.1,ABR55214.1	sucD,ABR54338.1,ABR54532.1,ABR54719.1,ABR54720.1,ABR54721.1,ABR54722.1,ABR55116.1,ABR55213.1,ABR55214.1	0.0069	0.0323	Citrate cycle (TCA cycle)
KEGG	mvn00240	11	23	406327	pyrG,carB,tmk,pyrE,carA,pyrB,ABR55138.1,pyrH,ABR55302.1,pyrD,ABR55368.1	pyrG,carB,tmk,pyrE,carA,pyrB,ABR55138.1,pyrH,ABR55302.1,pyrD,ABR55368.1	0.0107	0.0475	Pyrimidine metabolism
NetworkNeighborAL	CL:2431	64	92	406327	ABR53981.1,ABR53982.1,ABR53984.1,ABR53985.1,ABR53986.1,ABR53987.1,ABR53989.1,ABR53990.1,ABR54285.1,ABR54286.1,ABR54336.1,MMP1154,MMP1155,MMP1223,ABR54466.1,ABR54467.1,ABR54468.1,ABR54469.1,ABR54470.1,ABR54513.1,ABR54514.1,ABR54598.1,ABR54600.1,ABR54601.1,ABR54772.1,ABR54773.1,ABR54774.1,ABR54775.1,ABR54776.1,ABR54777.1,mtrE,mtrD,mtrC,mtrB,mtrA,mtrA-2,mtrG,mtrH,ABR54843.1,ABR54845.1,ABR54896.1,ABR54897.1,ABR54899.1,ABR54900.1,ABR54901.1,ABR54902.1,ABR54909.1,ABR54983.1,ABR54995.1,hmd,ABR55043.1,ABR55047.1,ABR55057.1,ABR55075.1,ABR55199.1,ABR55219.1,mtd,ABR55291.1,ABR55333.1,ABR55387.1,ABR55443.1,ABR55554.1,ABR55555.1,ABR55556.1	ABR53981.1,ABR53982.1,ABR53984.1,ABR53985.1,ABR53986.1,ABR53987.1,ABR53989.1,ABR53990.1,ABR54285.1,ABR54286.1,ABR54336.1,ABR54381.1,ABR54382.1,ABR54445.1,ABR54466.1,ABR54467.1,ABR54468.1,ABR54469.1,ABR54470.1,ABR54513.1,ABR54514.1,ABR54598.1,ABR54600.1,ABR54601.1,ABR54772.1,ABR54773.1,ABR54774.1,ABR54775.1,ABR54776.1,ABR54777.1,mtrE,mtrD,mtrC,mtrB,mtrA,mtrA-2,mtrG,mtrH,ABR54843.1,ABR54845.1,ABR54896.1,ABR54897.1,ABR54899.1,ABR54900.1,ABR54901.1,ABR54902.1,ABR54909.1,ABR54983.1,ABR54995.1,hmd,ABR55043.1,ABR55047.1,ABR55057.1,ABR55075.1,ABR55199.1,ABR55219.1,mtd,ABR55291.1,ABR55333.1,ABR55387.1,ABR55443.1,ABR55554.1,ABR55555.1,ABR55556.1	7.26e-16	2.68e-13	Methane metabolism, and Carbonic anhydrase
NetworkNeighborAL	CL:2428	66	126	406327	ABR53981.1,ABR53982.1,ABR53984.1,ABR53985.1,ABR53986.1,ABR53987.1,ABR53989.1,ABR53990.1,ABR54285.1,ABR54286.1,ABR54336.1,MMP1154,MMP1155,MMP1223,ABR54466.1,ABR54467.1,ABR54468.1,ABR54469.1,ABR54470.1,ABR54513.1,ABR54514.1,ABR54598.1,ABR54600.1,ABR54601.1,ABR54772.1,ABR54773.1,ABR54774.1,ABR54775.1,ABR54776.1,ABR54777.1,mtrE,mtrD,mtrC,mtrB,mtrA,mtrA-2,mtrG,mtrH,ABR54843.1,ABR54845.1,ABR54896.1,ABR54897.1,ABR54899.1,ABR54900.1,ABR54901.1,ABR54902.1,ABR54909.1,ABR54983.1,ABR54995.1,hmd,ABR55043.1,ABR55047.1,ABR55057.1,ABR55075.1,ABR55189.1,ABR55199.1,ABR55219.1,mtd,ABR55291.1,ABR55304.1,ABR55333.1,ABR55387.1,ABR55443.1,ABR55554.1,ABR55555.1,ABR55556.1	ABR53981.1,ABR53982.1,ABR53984.1,ABR53985.1,ABR53986.1,ABR53987.1,ABR53989.1,ABR53990.1,ABR54285.1,ABR54286.1,ABR54336.1,ABR54381.1,ABR54382.1,ABR54445.1,ABR54466.1,ABR54467.1,ABR54468.1,ABR54469.1,ABR54470.1,ABR54513.1,ABR54514.1,ABR54598.1,ABR54600.1,ABR54601.1,ABR54772.1,ABR54773.1,ABR54774.1,ABR54775.1,ABR54776.1,ABR54777.1,mtrE,mtrD,mtrC,mtrB,mtrA,mtrA-2,mtrG,mtrH,ABR54843.1,ABR54845.1,ABR54896.1,ABR54897.1,ABR54899.1,ABR54900.1,ABR54901.1,ABR54902.1,ABR54909.1,ABR54983.1,ABR54995.1,hmd,ABR55043.1,ABR55047.1,ABR55057.1,ABR55075.1,ABR55189.1,ABR55199.1,ABR55219.1,mtd,ABR55291.1,ABR55304.1,ABR55333.1,ABR55387.1,ABR55443.1,ABR55554.1,ABR55555.1,ABR55556.1	6.22e-12	7.65e-10	Mixed, incl. Methane metabolism, and 4Fe-4S dicluster domain
NetworkNeighborAL	CL:634	85	196	406327	guaAB,pyrG,ABR53955.1,sucD,ABR54073.1,ABR54082.1,iscS,ABR54089.1,ABR54123.1,hisG,hisD,ABR54203.1,carB,ABR54255.1,ABR54293.1,ABR54298.1,ilvE,argD,ABR54338.1,purF,leuC,ABR54432.1,ABR54434.1,hisC,ABR54457.1,nadA,purM,ABR54494.1,purO,ABR54532.1,ABR54574.1,MMP1359,purP,asd,purA,guaAA,leuC-2,nadK,pyrE,ABR54719.1,ABR54720.1,ABR54721.1,ABR54722.1,ABR54747.1,pgk,ABR54795.1,carA,pyrB,ABR54907.1,hisF,argG,ABR54999.1,argC,purT,ilvE-2,guaB,ABR55040.1,leuD,ABR55046.1,hpt,MMP0153,purQ,purL,ABR55116.1,ABR55163.1,purE,ABR55213.1,ABR55214.1,ilvD,hacB,pyrH,purD,ABR55285.1,ABR55302.1,pyrD,dapA,ABR55368.1,ABR55405.1,apt2,ilvC,ABR55434.1,ABR55435.1,ABR55585.1,MMP0540,ABR55587.1	guaAB,pyrG,ABR53955.1,sucD,ABR54073.1,ABR54082.1,iscS,ABR54089.1,ABR54123.1,hisG,hisD,ABR54203.1,carB,ABR54255.1,ABR54293.1,ABR54298.1,ilvE,argD,ABR54338.1,purF,leuC,ABR54432.1,ABR54434.1,hisC,ABR54457.1,nadA,purM,ABR54494.1,purO,ABR54532.1,ABR54574.1,ABR54575.1,purP,asd,purA,guaAA,leuC-2,nadK,pyrE,ABR54719.1,ABR54720.1,ABR54721.1,ABR54722.1,ABR54747.1,pgk,ABR54795.1,carA,pyrB,ABR54907.1,hisF,argG,ABR54999.1,argC,purT,ilvE-2,guaB,ABR55040.1,leuD,ABR55046.1,hpt,ABR55056.1,purQ,purL,ABR55116.1,ABR55163.1,purE,ABR55213.1,ABR55214.1,ilvD,hacB,pyrH,purD,ABR55285.1,ABR55302.1,pyrD,dapA,ABR55368.1,ABR55405.1,apt2,ilvC,ABR55434.1,ABR55435.1,ABR55585.1,purC,ABR55587.1	8.8e-12	8.12e-10	Biosynthesis of secondary metabolites, and Nucleotide biosynthetic process
NetworkNeighborAL	CL:638	56	100	406327	guaAB,pyrG,ABR53955.1,hisG,hisD,ABR54203.1,carB,ABR54255.1,ABR54293.1,ilvE,argD,purF,leuC,hisC,purM,purO,purP,asd,purA,guaAA,leuC-2,pyrE,ABR54747.1,carA,pyrB,ABR54907.1,hisF,argG,argC,purT,ilvE-2,guaB,ABR55040.1,leuD,ABR55046.1,hpt,MMP0153,purQ,purL,purE,ilvD,hacB,pyrH,purD,ABR55302.1,pyrD,dapA,ABR55368.1,ABR55405.1,apt2,ilvC,ABR55434.1,ABR55435.1,ABR55585.1,MMP0540,ABR55587.1	guaAB,pyrG,ABR53955.1,hisG,hisD,ABR54203.1,carB,ABR54255.1,ABR54293.1,ilvE,argD,purF,leuC,hisC,purM,purO,purP,asd,purA,guaAA,leuC-2,pyrE,ABR54747.1,carA,pyrB,ABR54907.1,hisF,argG,argC,purT,ilvE-2,guaB,ABR55040.1,leuD,ABR55046.1,hpt,ABR55056.1,purQ,purL,purE,ilvD,hacB,pyrH,purD,ABR55302.1,pyrD,dapA,ABR55368.1,ABR55405.1,apt2,ilvC,ABR55434.1,ABR55435.1,ABR55585.1,purC,ABR55587.1	4.91e-11	3.62e-09	Cellular amino acid biosynthetic process, and Ribonucleoside monophosphate biosynthetic process
NetworkNeighborAL	CL:636	74	164	406327	guaAB,pyrG,ABR53955.1,sucD,ABR54073.1,hisG,hisD,ABR54203.1,carB,ABR54255.1,ABR54293.1,ABR54298.1,ilvE,argD,ABR54338.1,purF,leuC,hisC,nadA,purM,ABR54494.1,purO,ABR54532.1,purP,asd,purA,guaAA,leuC-2,nadK,pyrE,ABR54719.1,ABR54720.1,ABR54721.1,ABR54722.1,ABR54747.1,pgk,ABR54795.1,carA,pyrB,ABR54907.1,hisF,argG,argC,purT,ilvE-2,guaB,ABR55040.1,leuD,ABR55046.1,hpt,MMP0153,purQ,purL,ABR55116.1,ABR55163.1,purE,ABR55213.1,ABR55214.1,ilvD,hacB,pyrH,purD,ABR55302.1,pyrD,dapA,ABR55368.1,ABR55405.1,apt2,ilvC,ABR55434.1,ABR55435.1,ABR55585.1,MMP0540,ABR55587.1	guaAB,pyrG,ABR53955.1,sucD,ABR54073.1,hisG,hisD,ABR54203.1,carB,ABR54255.1,ABR54293.1,ABR54298.1,ilvE,argD,ABR54338.1,purF,leuC,hisC,nadA,purM,ABR54494.1,purO,ABR54532.1,purP,asd,purA,guaAA,leuC-2,nadK,pyrE,ABR54719.1,ABR54720.1,ABR54721.1,ABR54722.1,ABR54747.1,pgk,ABR54795.1,carA,pyrB,ABR54907.1,hisF,argG,argC,purT,ilvE-2,guaB,ABR55040.1,leuD,ABR55046.1,hpt,ABR55056.1,purQ,purL,ABR55116.1,ABR55163.1,purE,ABR55213.1,ABR55214.1,ilvD,hacB,pyrH,purD,ABR55302.1,pyrD,dapA,ABR55368.1,ABR55405.1,apt2,ilvC,ABR55434.1,ABR55435.1,ABR55585.1,purC,ABR55587.1	7.12e-11	4.18e-09	Biosynthesis of secondary metabolites, and Nucleotide biosynthetic process
NetworkNeighborAL	CL:637	59	111	406327	guaAB,pyrG,ABR53955.1,hisG,hisD,ABR54203.1,carB,ABR54255.1,ABR54293.1,ilvE,argD,purF,leuC,hisC,nadA,purM,purO,purP,asd,purA,guaAA,leuC-2,nadK,pyrE,ABR54747.1,ABR54795.1,carA,pyrB,ABR54907.1,hisF,argG,argC,purT,ilvE-2,guaB,ABR55040.1,leuD,ABR55046.1,hpt,MMP0153,purQ,purL,purE,ilvD,hacB,pyrH,purD,ABR55302.1,pyrD,dapA,ABR55368.1,ABR55405.1,apt2,ilvC,ABR55434.1,ABR55435.1,ABR55585.1,MMP0540,ABR55587.1	guaAB,pyrG,ABR53955.1,hisG,hisD,ABR54203.1,carB,ABR54255.1,ABR54293.1,ilvE,argD,purF,leuC,hisC,nadA,purM,purO,purP,asd,purA,guaAA,leuC-2,nadK,pyrE,ABR54747.1,ABR54795.1,carA,pyrB,ABR54907.1,hisF,argG,argC,purT,ilvE-2,guaB,ABR55040.1,leuD,ABR55046.1,hpt,ABR55056.1,purQ,purL,purE,ilvD,hacB,pyrH,purD,ABR55302.1,pyrD,dapA,ABR55368.1,ABR55405.1,apt2,ilvC,ABR55434.1,ABR55435.1,ABR55585.1,purC,ABR55587.1	6.8e-11	4.18e-09	Biosynthesis of amino acids, and Ribonucleoside monophosphate biosynthetic process
NetworkNeighborAL	CL:635	77	178	406327	guaAB,pyrG,ABR53955.1,sucD,ABR54073.1,hisG,hisD,ABR54203.1,carB,ABR54255.1,ABR54293.1,ABR54298.1,ilvE,argD,ABR54338.1,purF,leuC,ABR54432.1,ABR54434.1,hisC,nadA,purM,ABR54494.1,purO,ABR54532.1,purP,asd,purA,guaAA,leuC-2,nadK,pyrE,ABR54719.1,ABR54720.1,ABR54721.1,ABR54722.1,ABR54747.1,pgk,ABR54795.1,carA,pyrB,ABR54907.1,hisF,argG,ABR54999.1,argC,purT,ilvE-2,guaB,ABR55040.1,leuD,ABR55046.1,hpt,MMP0153,purQ,purL,ABR55116.1,ABR55163.1,purE,ABR55213.1,ABR55214.1,ilvD,hacB,pyrH,purD,ABR55302.1,pyrD,dapA,ABR55368.1,ABR55405.1,apt2,ilvC,ABR55434.1,ABR55435.1,ABR55585.1,MMP0540,ABR55587.1	guaAB,pyrG,ABR53955.1,sucD,ABR54073.1,hisG,hisD,ABR54203.1,carB,ABR54255.1,ABR54293.1,ABR54298.1,ilvE,argD,ABR54338.1,purF,leuC,ABR54432.1,ABR54434.1,hisC,nadA,purM,ABR54494.1,purO,ABR54532.1,purP,asd,purA,guaAA,leuC-2,nadK,pyrE,ABR54719.1,ABR54720.1,ABR54721.1,ABR54722.1,ABR54747.1,pgk,ABR54795.1,carA,pyrB,ABR54907.1,hisF,argG,ABR54999.1,argC,purT,ilvE-2,guaB,ABR55040.1,leuD,ABR55046.1,hpt,ABR55056.1,purQ,purL,ABR55116.1,ABR55163.1,purE,ABR55213.1,ABR55214.1,ilvD,hacB,pyrH,purD,ABR55302.1,pyrD,dapA,ABR55368.1,ABR55405.1,apt2,ilvC,ABR55434.1,ABR55435.1,ABR55585.1,purC,ABR55587.1	1.33e-10	6.15e-09	Biosynthesis of secondary metabolites, and Nucleotide biosynthetic process
NetworkNeighborAL	CL:2432	36	50	406327	ABR53981.1,ABR53982.1,ABR53984.1,ABR53985.1,ABR53986.1,ABR53987.1,ABR53989.1,ABR53990.1,ABR54285.1,ABR54286.1,MMP1154,MMP1155,ABR54466.1,ABR54467.1,ABR54468.1,ABR54469.1,ABR54470.1,ABR54513.1,ABR54514.1,ABR54598.1,ABR54600.1,ABR54601.1,ABR54896.1,ABR54897.1,ABR54899.1,ABR54900.1,ABR54901.1,ABR54902.1,ABR54983.1,ABR54995.1,hmd,ABR55043.1,mtd,ABR55554.1,ABR55555.1,ABR55556.1	ABR53981.1,ABR53982.1,ABR53984.1,ABR53985.1,ABR53986.1,ABR53987.1,ABR53989.1,ABR53990.1,ABR54285.1,ABR54286.1,ABR54381.1,ABR54382.1,ABR54466.1,ABR54467.1,ABR54468.1,ABR54469.1,ABR54470.1,ABR54513.1,ABR54514.1,ABR54598.1,ABR54600.1,ABR54601.1,ABR54896.1,ABR54897.1,ABR54899.1,ABR54900.1,ABR54901.1,ABR54902.1,ABR54983.1,ABR54995.1,hmd,ABR55043.1,mtd,ABR55554.1,ABR55555.1,ABR55556.1	1.75e-09	7.17e-08	Methane metabolism
NetworkNeighborAL	CL:2434	32	40	406327	ABR53981.1,ABR53982.1,ABR53984.1,ABR53985.1,ABR53986.1,ABR53987.1,ABR53989.1,ABR53990.1,ABR54285.1,ABR54286.1,MMP1154,MMP1155,ABR54466.1,ABR54467.1,ABR54468.1,ABR54469.1,ABR54470.1,ABR54598.1,ABR54600.1,ABR54601.1,ABR54896.1,ABR54897.1,ABR54899.1,ABR54900.1,ABR54901.1,ABR54902.1,ABR54983.1,ABR54995.1,ABR55043.1,ABR55554.1,ABR55555.1,ABR55556.1	ABR53981.1,ABR53982.1,ABR53984.1,ABR53985.1,ABR53986.1,ABR53987.1,ABR53989.1,ABR53990.1,ABR54285.1,ABR54286.1,ABR54381.1,ABR54382.1,ABR54466.1,ABR54467.1,ABR54468.1,ABR54469.1,ABR54470.1,ABR54598.1,ABR54600.1,ABR54601.1,ABR54896.1,ABR54897.1,ABR54899.1,ABR54900.1,ABR54901.1,ABR54902.1,ABR54983.1,ABR54995.1,ABR55043.1,ABR55554.1,ABR55555.1,ABR55556.1	2.47e-09	9.12e-08	Methane metabolism
NetworkNeighborAL	CL:2533	27	36	406327	ABR54336.1,MMP1223,ABR54772.1,ABR54773.1,ABR54774.1,ABR54775.1,ABR54776.1,ABR54777.1,mtrE,mtrD,mtrC,mtrB,mtrA,mtrA-2,mtrG,mtrH,ABR54843.1,ABR54845.1,ABR54909.1,ABR55047.1,ABR55057.1,ABR55075.1,ABR55199.1,ABR55219.1,ABR55291.1,ABR55333.1,ABR55443.1	ABR54336.1,ABR54445.1,ABR54772.1,ABR54773.1,ABR54774.1,ABR54775.1,ABR54776.1,ABR54777.1,mtrE,mtrD,mtrC,mtrB,mtrA,mtrA-2,mtrG,mtrH,ABR54843.1,ABR54845.1,ABR54909.1,ABR55047.1,ABR55057.1,ABR55075.1,ABR55199.1,ABR55219.1,ABR55291.1,ABR55333.1,ABR55443.1	1.23e-07	4.13e-06	Mixed, incl. Methanogenesis, and Radical SAM superfamily
NetworkNeighborAL	CL:773	25	31	406327	guaAB,pyrG,ABR54203.1,carB,purF,purM,purA,guaAA,pyrE,carA,pyrB,purT,guaB,hpt,purQ,purL,purE,pyrH,purD,ABR55302.1,pyrD,ABR55368.1,ABR55405.1,apt2,MMP0540	guaAB,pyrG,ABR54203.1,carB,purF,purM,purA,guaAA,pyrE,carA,pyrB,purT,guaB,hpt,purQ,purL,purE,pyrH,purD,ABR55302.1,pyrD,ABR55368.1,ABR55405.1,apt2,purC	1.41e-07	4.32e-06	Ribonucleoside monophosphate biosynthetic process, and CTP metabolic process
NetworkNeighborAL	CL:2427	68	181	406327	ABR53981.1,ABR53982.1,ABR53984.1,ABR53985.1,ABR53986.1,ABR53987.1,ABR53989.1,ABR53990.1,ABR54285.1,ABR54286.1,ABR54336.1,ABR54380.1,MMP1154,MMP1155,MMP1223,ABR54466.1,ABR54467.1,ABR54468.1,ABR54469.1,ABR54470.1,ABR54513.1,ABR54514.1,ABR54598.1,ABR54600.1,ABR54601.1,ABR54663.1,ABR54772.1,ABR54773.1,ABR54774.1,ABR54775.1,ABR54776.1,ABR54777.1,mtrE,mtrD,mtrC,mtrB,mtrA,mtrA-2,mtrG,mtrH,ABR54843.1,ABR54845.1,ABR54896.1,ABR54897.1,ABR54899.1,ABR54900.1,ABR54901.1,ABR54902.1,ABR54909.1,ABR54983.1,ABR54995.1,hmd,ABR55043.1,ABR55047.1,ABR55057.1,ABR55075.1,ABR55189.1,ABR55199.1,ABR55219.1,mtd,ABR55291.1,ABR55304.1,ABR55333.1,ABR55387.1,ABR55443.1,ABR55554.1,ABR55555.1,ABR55556.1	ABR53981.1,ABR53982.1,ABR53984.1,ABR53985.1,ABR53986.1,ABR53987.1,ABR53989.1,ABR53990.1,ABR54285.1,ABR54286.1,ABR54336.1,ABR54380.1,ABR54381.1,ABR54382.1,ABR54445.1,ABR54466.1,ABR54467.1,ABR54468.1,ABR54469.1,ABR54470.1,ABR54513.1,ABR54514.1,ABR54598.1,ABR54600.1,ABR54601.1,ABR54663.1,ABR54772.1,ABR54773.1,ABR54774.1,ABR54775.1,ABR54776.1,ABR54777.1,mtrE,mtrD,mtrC,mtrB,mtrA,mtrA-2,mtrG,mtrH,ABR54843.1,ABR54845.1,ABR54896.1,ABR54897.1,ABR54899.1,ABR54900.1,ABR54901.1,ABR54902.1,ABR54909.1,ABR54983.1,ABR54995.1,hmd,ABR55043.1,ABR55047.1,ABR55057.1,ABR55075.1,ABR55189.1,ABR55199.1,ABR55219.1,mtd,ABR55291.1,ABR55304.1,ABR55333.1,ABR55387.1,ABR55443.1,ABR55554.1,ABR55555.1,ABR55556.1	2.25e-07	6.37e-06	Mixed, incl. Methane metabolism, and Plasma membrane
NetworkNeighborAL	CL:2531	28	42	406327	ABR54336.1,MMP1223,ABR54772.1,ABR54773.1,ABR54774.1,ABR54775.1,ABR54776.1,ABR54777.1,mtrE,mtrD,mtrC,mtrB,mtrA,mtrA-2,mtrG,mtrH,ABR54843.1,ABR54845.1,ABR54909.1,ABR55047.1,ABR55057.1,ABR55075.1,ABR55199.1,ABR55219.1,ABR55291.1,ABR55333.1,ABR55387.1,ABR55443.1	ABR54336.1,ABR54445.1,ABR54772.1,ABR54773.1,ABR54774.1,ABR54775.1,ABR54776.1,ABR54777.1,mtrE,mtrD,mtrC,mtrB,mtrA,mtrA-2,mtrG,mtrH,ABR54843.1,ABR54845.1,ABR54909.1,ABR55047.1,ABR55057.1,ABR55075.1,ABR55199.1,ABR55219.1,ABR55291.1,ABR55333.1,ABR55387.1,ABR55443.1	4.13e-07	1.09e-05	Mixed, incl. Methanogenesis, and ABC transporter-like, conserved site
NetworkNeighborAL	CL:2535	20	21	406327	MMP1223,ABR54772.1,ABR54773.1,ABR54774.1,ABR54775.1,ABR54776.1,ABR54777.1,mtrE,mtrD,mtrC,mtrB,mtrA,mtrA-2,mtrG,mtrH,ABR54843.1,ABR54909.1,ABR55199.1,ABR55291.1,ABR55443.1	ABR54445.1,ABR54772.1,ABR54773.1,ABR54774.1,ABR54775.1,ABR54776.1,ABR54777.1,mtrE,mtrD,mtrC,mtrB,mtrA,mtrA-2,mtrG,mtrH,ABR54843.1,ABR54909.1,ABR55199.1,ABR55291.1,ABR55443.1	4.55e-07	1.12e-05	Methanogenesis, and Radical SAM superfamily
NetworkNeighborAL	CL:642	19	23	406327	ABR53955.1,ABR54255.1,ABR54293.1,ilvE,leuC,asd,leuC-2,ABR54907.1,ilvE-2,ABR55040.1,leuD,MMP0153,ilvD,hacB,dapA,ilvC,ABR55434.1,ABR55435.1,ABR55585.1	ABR53955.1,ABR54255.1,ABR54293.1,ilvE,leuC,asd,leuC-2,ABR54907.1,ilvE-2,ABR55040.1,leuD,ABR55056.1,ilvD,hacB,dapA,ilvC,ABR55434.1,ABR55435.1,ABR55585.1	3.79e-06	8.75e-05	Branched-chain amino acid metabolic process, and Threonine metabolic process
NetworkNeighborAL	CL:774	17	19	406327	ABR54203.1,carB,purF,purM,purA,pyrE,carA,pyrB,purT,purQ,purL,purE,purD,pyrD,ABR55368.1,ABR55405.1,MMP0540	ABR54203.1,carB,purF,purM,purA,pyrE,carA,pyrB,purT,purQ,purL,purE,purD,pyrD,ABR55368.1,ABR55405.1,purC	6.11e-06	0.00013	Ribonucleoside monophosphate biosynthetic process
NetworkNeighborAL	CL:2478	16	18	406327	ABR53981.1,ABR53982.1,ABR54285.1,ABR54286.1,MMP1154,MMP1155,ABR54466.1,ABR54467.1,ABR54468.1,ABR54469.1,ABR54470.1,ABR54983.1,ABR55043.1,ABR55554.1,ABR55555.1,ABR55556.1	ABR53981.1,ABR53982.1,ABR54285.1,ABR54286.1,ABR54381.1,ABR54382.1,ABR54466.1,ABR54467.1,ABR54468.1,ABR54469.1,ABR54470.1,ABR54983.1,ABR55043.1,ABR55554.1,ABR55555.1,ABR55556.1	1.23e-05	0.00025	Methanogenesis, and Amidohydrolase 3
NetworkNeighborAL	CL:640	23	38	406327	ABR53955.1,ABR54255.1,ABR54293.1,ilvE,argD,leuC,asd,leuC-2,ABR54907.1,argG,argC,ilvE-2,ABR55040.1,leuD,ABR55046.1,MMP0153,ilvD,hacB,dapA,ilvC,ABR55434.1,ABR55435.1,ABR55585.1	ABR53955.1,ABR54255.1,ABR54293.1,ilvE,argD,leuC,asd,leuC-2,ABR54907.1,argG,argC,ilvE-2,ABR55040.1,leuD,ABR55046.1,ABR55056.1,ilvD,hacB,dapA,ilvC,ABR55434.1,ABR55435.1,ABR55585.1	1.54e-05	0.0003	2-Oxocarboxylic acid metabolism, and Lysine biosynthesis
NetworkNeighborAL	CL:2365	16	20	406327	ABR54938.1,MMP0039,MMP0040,tfb,ABR54942.1,ABR54943.1,ABR54944.1,ABR54945.1,ABR54946.1,ABR54948.1,ABR54949.1,ABR54950.1,ABR54951.1,ABR54953.1,ABR54954.1,ABR54955.1	ABR54938.1,ABR54939.1,ABR54940.1,tfb,ABR54942.1,ABR54943.1,ABR54944.1,ABR54945.1,ABR54946.1,ABR54948.1,ABR54949.1,ABR54950.1,ABR54951.1,ABR54953.1,ABR54954.1,ABR54955.1	3.02e-05	0.00056	Mixed, incl. sno(s)RNA-containing ribonucleoprotein complex, and Transcription preinitiation complex
NetworkNeighborAL	CL:2479	13	13	406327	ABR53981.1,ABR53982.1,ABR54285.1,ABR54286.1,MMP1154,MMP1155,ABR54466.1,ABR54467.1,ABR54468.1,ABR54469.1,ABR54470.1,ABR55043.1,ABR55555.1	ABR53981.1,ABR53982.1,ABR54285.1,ABR54286.1,ABR54381.1,ABR54382.1,ABR54466.1,ABR54467.1,ABR54468.1,ABR54469.1,ABR54470.1,ABR55043.1,ABR55555.1	3.73e-05	0.00066	Mixed, incl. CoB--CoM heterodisulfide reductase activity, and Formylmethanofuran dehydrogenase activity
NetworkNeighborAL	CL:2537	13	13	406327	ABR54773.1,ABR54774.1,ABR54775.1,ABR54776.1,ABR54777.1,mtrE,mtrD,mtrC,mtrB,mtrA-2,mtrG,mtrH,ABR54843.1	ABR54773.1,ABR54774.1,ABR54775.1,ABR54776.1,ABR54777.1,mtrE,mtrD,mtrC,mtrB,mtrA-2,mtrG,mtrH,ABR54843.1	3.73e-05	0.00066	Methanogenesis
NetworkNeighborAL	CL:643	14	16	406327	ABR53955.1,ABR54293.1,ilvE,leuC,leuC-2,ilvE-2,leuD,MMP0153,ilvD,hacB,ilvC,ABR55434.1,ABR55435.1,ABR55585.1	ABR53955.1,ABR54293.1,ilvE,leuC,leuC-2,ilvE-2,leuD,ABR55056.1,ilvD,hacB,ilvC,ABR55434.1,ABR55435.1,ABR55585.1	4.96e-05	0.0008	Branched-chain amino acid metabolic process
NetworkNeighborAL	CL:2435	16	22	406327	ABR53984.1,ABR53985.1,ABR53986.1,ABR53987.1,ABR53989.1,ABR53990.1,ABR54598.1,ABR54600.1,ABR54601.1,ABR54896.1,ABR54897.1,ABR54899.1,ABR54900.1,ABR54901.1,ABR54902.1,ABR54995.1	ABR53984.1,ABR53985.1,ABR53986.1,ABR53987.1,ABR53989.1,ABR53990.1,ABR54598.1,ABR54600.1,ABR54601.1,ABR54896.1,ABR54897.1,ABR54899.1,ABR54900.1,ABR54901.1,ABR54902.1,ABR54995.1	6.8e-05	0.001	Mixed, incl. Oxidoreductase activity, acting on hydrogen as donor, and Selenocysteine
NetworkNeighborAL	CL:639	29	67	406327	ABR53955.1,hisG,hisD,ABR54255.1,ABR54293.1,ilvE,argD,leuC,hisC,asd,leuC-2,ABR54747.1,ABR54907.1,hisF,argG,argC,ilvE-2,ABR55040.1,leuD,ABR55046.1,MMP0153,ilvD,hacB,dapA,ilvC,ABR55434.1,ABR55435.1,ABR55585.1,ABR55587.1	ABR53955.1,hisG,hisD,ABR54255.1,ABR54293.1,ilvE,argD,leuC,hisC,asd,leuC-2,ABR54747.1,ABR54907.1,hisF,argG,argC,ilvE-2,ABR55040.1,leuD,ABR55046.1,ABR55056.1,ilvD,hacB,dapA,ilvC,ABR55434.1,ABR55435.1,ABR55585.1,ABR55587.1	0.00015	0.0022	Biosynthesis of amino acids
NetworkNeighborAL	CL:2366	12	15	406327	ABR54938.1,MMP0039,MMP0040,tfb,ABR54942.1,ABR54948.1,ABR54949.1,ABR54950.1,ABR54951.1,ABR54953.1,ABR54954.1,ABR54955.1	ABR54938.1,ABR54939.1,ABR54940.1,tfb,ABR54942.1,ABR54948.1,ABR54949.1,ABR54950.1,ABR54951.1,ABR54953.1,ABR54954.1,ABR54955.1	0.00031	0.0044	Mixed, incl. sno(s)RNA-containing ribonucleoprotein complex, and Type II secretion system (T2SS), protein F
NetworkNeighborAL	CL:775	10	10	406327	ABR54203.1,purF,purM,purA,purT,purQ,purL,purE,purD,MMP0540	ABR54203.1,purF,purM,purA,purT,purQ,purL,purE,purD,purC	0.00031	0.0044	Purine biosynthesis
NetworkNeighborAL	CL:2364	17	31	406327	ABR54938.1,MMP0039,MMP0040,tfb,ABR54942.1,ABR54943.1,ABR54944.1,ABR54945.1,ABR54946.1,ABR54948.1,ABR54949.1,ABR54950.1,ABR54951.1,ABR54953.1,ABR54954.1,ABR54955.1,ABR55141.1	ABR54938.1,ABR54939.1,ABR54940.1,tfb,ABR54942.1,ABR54943.1,ABR54944.1,ABR54945.1,ABR54946.1,ABR54948.1,ABR54949.1,ABR54950.1,ABR54951.1,ABR54953.1,ABR54954.1,ABR54955.1,ABR55141.1	0.0005	0.0066	Mixed, incl. sno(s)RNA-containing ribonucleoprotein complex, and Transcription preinitiation complex
NetworkNeighborAL	CL:2256	31	85	406327	ABR54166.1,ABR54167.1,ABR54521.1,ABR54876.1,ABR54877.1,ABR54878.1,ABR54879.1,ABR54921.1,ABR54924.1,MMP1720,ABR54926.1,ABR54929.1,ABR54938.1,MMP0039,MMP0040,tfb,ABR54942.1,ABR54943.1,ABR54944.1,ABR54945.1,ABR54946.1,ABR54948.1,ABR54949.1,ABR54950.1,ABR54951.1,ABR54953.1,ABR54954.1,ABR54955.1,ABR55141.1,ABR55359.1,ABR55463.1	ABR54166.1,ABR54167.1,ABR54521.1,ABR54876.1,ABR54877.1,ABR54878.1,ABR54879.1,ABR54921.1,ABR54924.1,ABR54925.1,ABR54926.1,ABR54929.1,ABR54938.1,ABR54939.1,ABR54940.1,tfb,ABR54942.1,ABR54943.1,ABR54944.1,ABR54945.1,ABR54946.1,ABR54948.1,ABR54949.1,ABR54950.1,ABR54951.1,ABR54953.1,ABR54954.1,ABR54955.1,ABR55141.1,ABR55359.1,ABR55463.1	0.001	0.0127	Mixed, incl. Cell projection, and Signaling
NetworkNeighborAL	CL:860	13	24	406327	sucD,ABR54298.1,ABR54338.1,ABR54494.1,ABR54532.1,ABR54719.1,ABR54720.1,ABR54721.1,ABR54722.1,ABR55116.1,ABR55163.1,ABR55213.1,ABR55214.1	sucD,ABR54298.1,ABR54338.1,ABR54494.1,ABR54532.1,ABR54719.1,ABR54720.1,ABR54721.1,ABR54722.1,ABR55116.1,ABR55163.1,ABR55213.1,ABR55214.1	0.0025	0.0307	Carbon fixation pathways in prokaryotes
NetworkNeighborAL	CL:2436	10	15	406327	ABR53984.1,ABR53985.1,ABR53986.1,ABR53987.1,ABR53989.1,ABR53990.1,ABR54598.1,ABR54600.1,ABR54601.1,ABR54995.1	ABR53984.1,ABR53985.1,ABR53986.1,ABR53987.1,ABR53989.1,ABR53990.1,ABR54598.1,ABR54600.1,ABR54601.1,ABR54995.1	0.0026	0.0313	Coenzyme F420 hydrogenase activity, and Peptidase A31, coenzyme F420-reducing hydrogenase delta subunit
NetworkNeighborAL	CL:2538	7	7	406327	mtrE,mtrD,mtrC,mtrB,mtrA-2,mtrG,mtrH	mtrE,mtrD,mtrC,mtrB,mtrA-2,mtrG,mtrH	0.0026	0.0313	Tetrahydromethanopterin S-methyltransferase activity
NetworkNeighborAL	CL:2367	8	10	406327	ABR54938.1,MMP0039,MMP0040,tfb,ABR54942.1,ABR54953.1,ABR54954.1,ABR54955.1	ABR54938.1,ABR54939.1,ABR54940.1,tfb,ABR54942.1,ABR54953.1,ABR54954.1,ABR54955.1	0.0033	0.0367	Mixed, incl. sno(s)RNA-containing ribonucleoprotein complex, and Type II secretion system (T2SS), protein F
NetworkNeighborAL	CL:645	7	8	406327	leuC,leuD,ilvD,ilvC,ABR55434.1,ABR55435.1,ABR55585.1	leuC,leuD,ilvD,ilvC,ABR55434.1,ABR55435.1,ABR55585.1	0.0043	0.0465	Valine, leucine and isoleucine biosynthesis
